PRODUCT_ID,PRODUCT_DESCRIPTION
23343,20713
23437, 50'S CHRISTMAS GIFT BAG LARGE
23345, DOLLY GIRL BEAKER
23391, I LOVE LONDON MINI BACKPACK
23472, NINE DRAWER OFFICE TIDY
22167, OVAL WALL MIRROR DIAMANTE 
23438, RED SPOT GIFT BAG LARGE
22900, SET 2 TEA TOWELS I LOVE LONDON 
23007, SPACEBOY BABY GIFT SET
23079, TOADSTOOL BEDSIDE LIGHT 
23411, TRELLIS COAT RACK
21120,*Boombox Ipod Classic
20954,*USB Office Mirror Ball
20694,?
20700,?
20866,?
20867,?
20956,?
21147,?
21166,?
21257,?
21258,?
21272,?
21275,?
21479,?
21537,?
21578,?
21621,?
21815,?
21830,?
21937,?
22051,?
22121,?
22171,?
22523,?
22569,?
22570,?
22740,?
22812,?
22837,?
22927,?
23131,?
23135,?
23412,?
40016,?
48185,?
82583,?
82599,?
84584,?
84988,?
85175,? sold as sets?
20856,??
22030,??
22572,??
82582,??
90191,??
22568,?? missing
21201,???
85104,????damages????
22219,???lost
21682,?display?
22459,?lost
21829,?missing
22435,?missing
85172,?sold as sets?
22418,10 COLOUR SPACEBOY PEN
22436,12 COLOURED PARTY BALLOONS
21448,12 DAISY PEGS IN WOOD BOX
22282,12 EGG HOUSE PAINTED WOOD
23442,12 HANGING EGGS HAND PAINTED
21447,12 IVORY ROSE PEG PLACE SETTINGS
22906,12 MESSAGE CARDS WITH ENVELOPES
20973,12 PENCIL SMALL TUBE WOODLAND
20975,12 PENCILS SMALL TUBE RED RETROSPOT
20974,12 PENCILS SMALL TUBE SKULL
20984,12 PENCILS TALL TUBE POSY
20983,12 PENCILS TALL TUBE RED RETROSPOT
20982,12 PENCILS TALL TUBE SKULLS
20981,12 PENCILS TALL TUBE WOODLAND
84461,12 PINK HEN+CHICKS IN BASKET
21445,12 PINK ROSE PEG PLACE SETTINGS
21446,12 RED ROSE PEG PLACE SETTINGS
84465,15 PINK FLUFFY CHICKS IN BOX
85048,15CM CHRISTMAS GLASS BALL 20 LIGHTS
23253,16 PC CUTLERY SET PANTRY DESIGN
23124,18PC WOODEN CUTLERY SET DISPOSABLE
90168,2 DAISIES HAIR COMB
21458,2 PICTURE BOOK EGGS EASTER BUNNY
21457,2 PICTURE BOOK EGGS EASTER DUCKS
21456,2 PICTURE BOOK EGGS EASTER CHICKS
22567,20 DOLLY PEGS RETROSPOT
22316,200 BENDY SKULL STRAWS
22315,200 RED + WHITE BENDY STRAWS
84731,3 BIRDS CANVAS SCREEN
82486,3 DRAWER ANTIQUE WHITE WOOD CABINET
22158,3 HEARTS HANGING DECORATION RUSTIC
22244,3 HOOK HANGER MAGIC GARDEN
22964,3 PIECE SPACEBOY COOKIE CUTTER SET
84462,3 PINK HEN+CHICKS IN BASKET
23434,3 RAFFIA RIBBONS 50'S CHRISTMAS 
23435,3 RAFFIA RIBBONS VINTAGE CHRISTMAS
22150,3 STRIPEY MICE FELTCRAFT
22839,3 TIER CAKE TIN GREEN AND CREAM
22838,3 TIER CAKE TIN RED AND CREAM
22824,3 TIER SWEETHEART GARDEN SHELF
22965,3 TRADITIONAl BISCUIT CUTTERS  SET
72815,3 WICK CHRISTMAS BRIAR CANDLE 
22949,36 DOILIES DOLLY GIRL
22950,36 DOILIES VINTAGE CHRISTMAS
22956,36 FOIL HEART CAKE CASES
22955,36 FOIL STAR CAKE CASES 
20980,36 PENCILS TUBE POSY
20979,36 PENCILS TUBE RED RETROSPOT
20978,36 PENCILS TUBE SKULLS
20977,36 PENCILS TUBE WOODLAND
21188,3D HEARTS  HONEYCOMB PAPER GARLAND
22731,3D CHRISTMAS STAMPS STICKERS 
22733,3D TRADITIONAL CHRISTMAS STICKERS
22732,3D VINTAGE CHRISTMAS STICKERS 
21615,4 LAVENDER BOTANICAL DINNER CANDLES
21617,4 LILY  BOTANICAL DINNER CANDLES
21616,4 PEAR BOTANICAL DINNER CANDLES
22620,4 TRADITIONAL SPINNING TOPS
21619,4 VANILLA BOTANICAL CANDLES
21618,4 WILDFLOWER BOTANICAL CANDLES
22242,5 HOOK HANGER MAGIC TOADSTOOL
22243,5 HOOK HANGER RED MAGIC TOADSTOOL
47481,50CM METAL STRING WITH  7 CLIPS
23375,50'S CHRISTMAS PAPER GIFT BAG
22283,6 EGG HOUSE PAINTED WOOD
23354,6 GIFT TAGS 50'S CHRISTMAS 
23353,6 GIFT TAGS VINTAGE CHRISTMAS 
85038,6 CHOCOLATE LOVE HEART T-LIGHTS
22075,6 RIBBONS ELEGANT CHRISTMAS 
22076,6 RIBBONS EMPIRE  
22077,6 RIBBONS RUSTIC CHARM
22074,6 RIBBONS SHIMMERING PINKS 
22439,6 ROCKET BALLOONS 
22951,60 CAKE CASES DOLLY GIRL DESIGN
22952,60 CAKE CASES VINTAGE CHRISTMAS
84990,60 GOLD AND SILVER FAIRY CAKE CASES
84991,60 TEATIME FAIRY CAKE CASES
23125,6PC WOOD PLATE SET DISPOSABLE
23542,70'S ALPHABET WALL ART
84992,72 SWEETHEART FAIRY CAKE CASES
23697,A PRETTY THANK YOU CARD
23176,ABC TREASURE BOOK BOX 
20770,ABSTRACT CIRCLE JOURNAL 
20758,ABSTRACT CIRCLES POCKET BOOK
20764,ABSTRACT CIRCLES SKETCHBOOK 
85161,ACRYLIC GEOMETRIC LAMP
23084,add stock to allocate online orders
20665,adjustment
21181,adjustment
21319,adjustment
21736,Adjustment
21794,adjustment
22548,adjustment
22687,adjustment
23595,adjustment
37327,adjustment
48189,adjustment
22939,ADULT APRON APPLE DELIGHT
22580,ADVENT CALENDAR GINGHAM SACK
51008,AFGHAN SLIPPER SOCK PAIR
21326,AGED GLASS SILVER T-LIGHT HOLDER
22375,AIRLINE BAG VINTAGE JET SET BROWN
22374,AIRLINE BAG VINTAGE JET SET RED
22376,AIRLINE BAG VINTAGE JET SET WHITE
22371,AIRLINE BAG VINTAGE TOKYO 78
22372,AIRLINE BAG VINTAGE WORLD CHAMPION 
82567,AIRLINE LOUNGEMETAL SIGN
22726,ALARM CLOCK BAKELIKE GREEN
22725,ALARM CLOCK BAKELIKE CHOCOLATE
22730,ALARM CLOCK BAKELIKE IVORY
22729,ALARM CLOCK BAKELIKE ORANGE
22728,ALARM CLOCK BAKELIKE PINK
22727,ALARM CLOCK BAKELIKE RED 
21723,ALPHABET HEARTS STICKER SHEET
22564,ALPHABET STENCIL CRAFT
23068,ALUMINIUM HEART
21868,Amazon
21888,Amazon
22087,Amazon
22139,amazon
22176,amazon
22734,amazon
22848,AMAZON
22925,AMAZON
21823,amazon adjust
20967,Amazon Adjustment
22154,ANGEL DECORATION 3 BUTTONS 
22337,ANGEL DECORATION PAINTED ZINC 
22153,ANGEL DECORATION STARS ON DRESS
22157,ANGEL DECORATION WITH LACE PADDED
16011,ANIMAL STICKERS
23527,ANIMALS AND NATURE WALL ART
21012,ANTIQUE ALL GLASS CANDLESTICK
21270,ANTIQUE CREAM CUTLERY CUPBOARD
21269,ANTIQUE CREAM CUTLERY SHELF 
22798,ANTIQUE GLASS DRESSING TABLE POT
21143,ANTIQUE GLASS HEART DECORATION 
22801,ANTIQUE GLASS PEDESTAL BOWL
21145,ANTIQUE GLASS PLACE SETTING
23486,ANTIQUE HEART SHELF UNIT
23149,ANTIQUE IVORY WIRE BOWL SMALL
85042,ANTIQUE LILY FAIRY LIGHTS
23085,ANTIQUE SILVER BAUBLE LAMP  
71143,ANTIQUE SILVER BOOK MARK WITH BEADS
84947,ANTIQUE SILVER TEA GLASS ENGRAVED
84946,ANTIQUE SILVER TEA GLASS ETCHED
22800,ANTIQUE TALL SWIRLGLASS TRINKET POT
23017,APOTHECARY MEASURING JAR
20963,APPLE BATH SPONGE
21043,APRON MODERN VINTAGE COTTON
44235,ASS COL CIRCLE MOBILE 
84051,ASS COLOUR GLOWING TIARAS
84827,ASS DES PHONE SPONGE CRAFT STICKER
22915,ASSORTED BOTTLE TOP  MAGNETS 
85216,ASSORTED CAKES FRIDGE MAGNETS
44234,ASSORTED CIRCULAR MOBILE
84879,ASSORTED COLOUR BIRD ORNAMENT
47421,ASSORTED COLOUR LIZARD SUCTION HOOK
84192,ASSORTED COLOUR METAL CAT 
20749,ASSORTED COLOUR MINI CASES
85224,ASSORTED COLOUR SILK GLASSES CASE
47420,ASSORTED COLOUR SUCTION CUP HOOK
84950,ASSORTED COLOUR T-LIGHT HOLDER
15036,ASSORTED COLOURS SILK FAN
22856,ASSORTED EASTER DECORATIONS  BELLS
22857,ASSORTED EASTER GIFT TAGS
85198,ASSORTED FARMYARD ANIMALS IN BUCKET
84212,"ASSORTED FLOWER COLOUR ""LEIS"""
85215,ASSORTED CHEESE FRIDGE MAGNETS
17096,ASSORTED LAQUERED INCENSE HOLDERS
21634,ASSORTED MINI MADRAS NOTEBOOK
47422,ASSORTED MONKEY SUCTION CUP HOOK
21637,ASSORTED SANSKRIT MINI NOTEBOOK
47469,ASSORTED SHAPES PHOTO CLIP SILVER 
21640,ASSORTED TUTTI FRUTTI  FOB NOTEBOOK
21650,ASSORTED TUTTI FRUTTI BRACELET
21644,ASSORTED TUTTI FRUTTI HEART BOX
21641,ASSORTED TUTTI FRUTTI KEYRING BALL
21647,ASSORTED TUTTI FRUTTI LARGE PURSE
21643,ASSORTED TUTTI FRUTTI MIRROR
21638,ASSORTED TUTTI FRUTTI NOTEBOOK
21642,ASSORTED TUTTI FRUTTI PEN
21645,ASSORTED TUTTI FRUTTI ROUND BOX
21648,ASSORTED TUTTI FRUTTI SMALL PURSE
75178,ASSTD COL BUTTERFLY/CRYSTAL W/CHIME
84826,ASSTD DESIGN 3D PAPER STICKERS
84270,ASSTD DESIGN BUBBLE GUM RING
11001,ASSTD DESIGN RACING CAR PEN
84929,ASSTD FRUIT+FLOWERS FRIDGE MAGNETS
17174,ASSTD RASTA KEY-CHAINS
22468,BABUSHKA LIGHTS STRING OF 10
21841,BABY MOUSE RED GINGHAM DRESS
21703,BAG 125g SWIRLY MARBLES
21704,BAG 250g SWIRLY MARBLES
21705,BAG 500g SWIRLY MARBLES
22937,BAKING MOULD CUPCAKE CHOCOLATE
22933,BAKING MOULD EASTER EGG MILK CHOC
22934,BAKING MOULD EASTER EGG WHITE CHOC
22930,BAKING MOULD HEART MILK CHOCOLATE
22931,BAKING MOULD HEART WHITE CHOCOLATE
22935,BAKING MOULD ROSE MILK CHOCOLATE
22936,BAKING MOULD ROSE WHITE CHOCOLATE
22932,BAKING MOULD TOFFEE CUP  CHOCOLATE
22138,BAKING SET 9 PIECE RETROSPOT 
22617,BAKING SET SPACEBOY DESIGN
22438,BALLOON ART MAKE YOUR OWN FLOWERS
22434,BALLOON PUMP WITH 10 BALLOONS
22440,BALLOON WATER BOMB PACK OF 35
21328,BALLOONS  WRITING SET 
21518,BANK ACCOUNT  GREETING  CARD 
22026,BANQUET BIRTHDAY  CARD  
85177,BASKET OF FLOWERS SEWING KIT
21439,BASKET OF TOADSTOOLS
21756,BATH BUILDING BLOCK WORD
23417,BATHROOM HOOK
82580,BATHROOM METAL SIGN
21171,BATHROOM METAL SIGN 
22137,BATHROOM SET LOVE HEART DESIGN
23057,BEADED CHANDELIER T-LIGHT HOLDER
90167,BEADED LOVE HEART JEWELLERY SET
84688,BEACH HUT DESIGN BLACKBOARD
84685,BEACH HUT KEY CABINET
84686,BEACH HUT MIRROR
84687,BEACH HUT SHELF W 3 DRAWERS
23214,BELL HEART ANTIQUE GOLD
23103,BELL HEART DECORATION
23395,BELLE JARDINIERE CUSHION COVER
21165,BEWARE OF THE CAT METAL SIGN 
23552,BICYCLE PUNCTURE REPAIR KIT 
23535,BICYCLE SAFTEY WALL ART
21700,BIG DOUGHNUT FRIDGE MAGNETS
37330,BIG POLKADOT MUG
90031,BILI NUT AND WOOD NECKLACE
21018,BIRD BOX CHRISTMAS TREE DECORATION
22322,BIRD DECORATION GREEN POLKADOT
22321,BIRD DECORATION RED RETROSPOT
22110,BIRD HOUSE HOT WATER BOTTLE
22252,BIRDCAGE DECORATION TEALIGHT HOLDER
22251,BIRDHOUSE DECORATION MAGIC GARDEN
22478,BIRDHOUSE GARDEN MARKER 
22320,BIRDS MOBILE VINTAGE DESIGN
22953,BIRTHDAY BANNER TAPE
22048,BIRTHDAY BANQUET GIFT WRAP
22819,BIRTHDAY CARD RETRO SPOT
23247,BISCUIT TIN 50'S CHRISTMAS
22843,BISCUIT TIN VINTAGE GREEN
23234,BISCUIT TIN VINTAGE CHRISTMAS
23235,BISCUIT TIN VINTAGE LEAF
22842,BISCUIT TIN VINTAGE RED
22702,BLACK AND WHITE CAT BOWL
22700,BLACK AND WHITE DOG BOWL
85116,BLACK CANDELABRA T-LIGHT HOLDER
90077,BLACK DIAMOND CLUSTER EARRINGS
90074,BLACK DIAMOND CLUSTER NECKLACE
22194,BLACK DINER WALL CLOCK
20780,BLACK EAR MUFF HEADPHONES
84499,BLACK FLOWER CANDLE PLATE
22188,BLACK HEART CARD HOLDER
79163,BLACK CHAMPAGNE GLASS
22626,BLACK KITCHEN SCALES
20735,BLACK MINI TAPE MEASURE 
22068,BLACK PIRATE TREASURE CHEST
21137,BLACK RECORD COVER FRAME
72780,BLACK SILOUETTE CANDLE PLATE
72783,BLACK SIL'T SQU CANDLE PLATE 
22481,BLACK TEA TOWEL CLASSIC DESIGN
79164,BLACK WINE GLASS
85225,BLING KEY RING STAND
21117,BLOND DOLL DOORSTOP
21850,BLUE  DIAMANTE PEN IN GIFT BOX
20794,BLUE  TILE HOOK
21441,BLUE BIRDHOUSE DECORATION
90108,BLUE BLOSSOM HAIR CLIP
23446,BLUE BUNNY EASTER EGG BASKET
20986,BLUE CALCULATOR RULER
84576,BLUE CAT BISCUIT BARREL PINK HEART
22914,BLUE COAT RACK PARIS FASHION
90092,BLUE CRYSTAL BOOT PHONE CHARM
84919,BLUE CUSHION COVER WITH FLOWER
75011,BLUE DAISY MOBILE
22192,BLUE DINER WALL CLOCK
22805,BLUE DRAWER KNOB ACRYLIC EDWARDIAN
21461,BLUE EASTER EGG HUNT START POST
21403,BLUE EGG  SPOON
22021,BLUE FELT EASTER EGG BASKET
79337,BLUE FLOCK GLASS CANDLEHOLDER
84620,BLUE GINGHAM ROSE CUSHION COVER
21914,BLUE HARMONICA IN BOX 
20703,BLUE PADDED SOFT MOBILE
20767,BLUE PAISLEY JOURNAL 
20773,BLUE PAISLEY NOTEBOOK
20755,BLUE PAISLEY POCKET BOOK
20761,BLUE PAISLEY SKETCHBOOK
22092,BLUE PAISLEY TISSUE BOX
20854,BLUE PATCH PURSE PINK HEART
21395,BLUE POLKADOT BEAKER 
20675,BLUE POLKADOT BOWL
21399,BLUE POLKADOT COFFEE MUG
21240,BLUE POLKADOT CUP
21397,BLUE POLKADOT EGG CUP 
22324,BLUE POLKADOT KIDS BAG
20652,BLUE POLKADOT LUGGAGE TAG 
20615,BLUE POLKADOT PASSPORT COVER
21244,BLUE POLKADOT PLATE 
21393,BLUE POLKADOT PUDDING BOWL
20661,BLUE POLKADOT PURSE 
20752,BLUE POLKADOT WASHING UP GLOVES
21499,BLUE POLKADOT WRAP
20931,BLUE POT PLANT CANDLE 
21401,BLUE PUDDING SPOON
23317,BLUE REFECTORY CLOCK 
23430,BLUE RETRO KITCHEN WALL CLOCK
20857,BLUE ROSE PATCH PURSE PINK BUTTERFL
21670,BLUE SPOT CERAMIC DRAWER KNOB
21669,BLUE STRIPE CERAMIC DRAWER KNOB
22482,BLUE TEA TOWEL CLASSIC DESIGN
20671,BLUE TEATIME PRINT BOWL 
20793,BLUE TILED TRAY
23286,BLUE VINTAGE SPOT BEAKER
84881,BLUE WIRE SPIRAL CANDLE HOLDER
21927,BLUE/CREAM STRIPE CUSHION COVER 
21991,BOHEMIAN COLLAGE STATIONERY SET
21064,BOOM BOX SPEAKER BOYS
21065,BOOM BOX SPEAKER GIRLS
21520,BOOZE & WOMEN GREETING CARD 
23485,BOTANICAL GARDENS WALL CLOCK 
22031,BOTANICAL LAVENDER BIRTHDAY CARD
22038,BOTANICAL LAVENDER GIFT WRAP 
22039,BOTANICAL LILY GIFT WRAP
22032,BOTANICAL LILY GREETING CARD
22040,BOTANICAL ROSE GIFT WRAP
22033,BOTANICAL ROSE GREETING CARD
22377,BOTTLE BAG RETROSPOT 
22098,BOUDOIR SQUARE TISSUE BOX
84692,BOX OF 24 COCKTAIL PARASOLS
84969,BOX OF 6 ASSORTED COLOUR TEASPOONS
23382,BOX OF 6 CHRISTMAS CAKE DECORATIONS
23319,BOX OF 6 MINI 50'S CRACKERS
23318,BOX OF 6 MINI VINTAGE CRACKERS
20886,BOX OF 9 PEBBLE CANDLES
22622,BOX OF VINTAGE ALPHABET BLOCKS
22623,BOX OF VINTAGE JIGSAW BLOCKS 
84218,BOX/12 CHICK & EGG IN BASKET
84598,BOYS ALPHABET IRON ON PATCHES
21716,BOYS VINTAGE TIN SEASIDE BUCKET
22847,BREAD BIN DINER STYLE IVORY
22849,BREAD BIN DINER STYLE MINT
22846,BREAD BIN DINER STYLE RED 
23118,Breakages
17003,BROCADE RING PURSE 
22788,BROCANTE COAT RACK
22832,BROCANTE SHELF WITH HOOKS
21320,broken
22069,BROWN  PIRATE TREASURE CHEST 
21407,BROWN CHECK CAT DOORSTOP 
23310,BUBBLEGUM RING ASSORTED
23193,BUFFALO BILL TREASURE BOOK BOX
23525,BUFFALO BILL WALL ART 
23184,BULL DOG BOTTLE OPENER
23181,BULL DOG BOTTLE TOP WALL CLOCK
23192,BUNDLE OF 3 ALPHABET EXERCISE BOOKS
23191,BUNDLE OF 3 RETRO EXERCISE BOOKS
23190,BUNDLE OF 3 SCHOOL EXERCISE BOOKS  
22247,BUNNY DECORATION MAGIC GARDEN
85200,BUNNY EGG BOX
22228,BUNNY WOODEN PAINTED WITH BIRD 
22229,BUNNY WOODEN PAINTED WITH FLOWER 
23298,BUNTING  SPOTTY 
21675,BUTTERFLIES STICKERS
21468,BUTTERFLY CROCHET FOOD COVER
23396,BUTTERFLY CUSHION COVER
90174,BUTTERFLY HAIR BAND
22653,BUTTON BOX 
84497,BUTTONS AND STRIPES NOTEBOOK 
22503,CABIN BAG VINTAGE PAISLEY
22504,CABIN BAG VINTAGE RETROSPOT
22223,CAKE PLATE LOVEBIRD PINK
22222,CAKE PLATE LOVEBIRD WHITE
21720,CAKE SHOP  STICKER SHEET
22236,CAKE STAND 3 TIER MAGIC GARDEN
22218,CAKE STAND LACE WHITE
22221,CAKE STAND LOVEBIRD 2 TIER PINK
22220,CAKE STAND LOVEBIRD 2 TIER WHITE
22184,CAKE STAND VICTORIAN FILIGREE LARGE
22183,CAKE STAND VICTORIAN FILIGREE MED
22182,CAKE STAND VICTORIAN FILIGREE SMALL
22215,CAKE STAND WHITE TWO TIER LACE
21884,CAKES AND BOWS GIFT  TAPE
21943,CAKES AND RABBITS DESIGN FLANNEL 
22776,CAKESTAND 3 TIER LOVEHEART
22903,CALENDAR FAMILY FAVOURITES
22905,CALENDAR IN SEASON DESIGN
22904,CALENDAR PAPER CUT DESIGN
20782,CAMOUFLAGE EAR MUFF HEADPHONES
21833,CAMOUFLAGE LED TORCH
21379,CAMPHOR WOOD PORTOBELLO MUSHROOM
23037,CANDLE HOLDER SILVER MADELINE
22214,CANDLE PLATE LACE WHITE
22804,CANDLEHOLDER PINK HANGING HEART
35923,CANDY HEART HANGING DECORATION
21721,CANDY SHOP  STICKER SHEET
85089,CANDY SPOT BUNNY
85087,CANDY SPOT CUSHION COVER
85093,CANDY SPOT EGG WARMER HARE
85094,CANDY SPOT EGG WARMER RABBIT
85088,CANDY SPOT HAND BAG
85092,CANDY SPOT TEA COSY
44228,CANNABIS LEAF BEAD CURTAIN
23244,CANNISTER VINTAGE LEAF DESIGN
22449,can't find
21310,CAPIZ CHANDELIER
22099,CARAVAN SQUARE TISSUE BOX
22983,CARD BILLBOARD FONT
22714,CARD BIRTHDAY COWBOY
22718,CARD CAT AND TREE 
22716,CARD CIRCUS PARADE
22717,CARD DOG AND BALL 
22712,CARD DOLLY GIRL 
22984,CARD GINGHAM ROSE 
22588,CARD HOLDER GINGHAM HEART
23470,CARD HOLDER LOVE BIRD LARGE 
23469,CARD HOLDER LOVE BIRD SMALL
22818,CARD CHRISTMAS VILLAGE
22713,CARD I LOVE LONDON 
22816,CARD MOTORBIKE SANTA
22814,CARD PARTY GAMES 
22815,CARD PSYCHEDELIC APPLES
22817,CARD SUKI BIRTHDAY
22715,CARD WEDDING DAY
22591,CARDHOLDER GINGHAM CHRISTMAS TREE
22589,CARDHOLDER GINGHAM STAR
22592,CARDHOLDER HOLLY WREATH METAL
90062,CARNIVAL BRACELET
16218,CARTOON  PENCIL SHARPENERS
22458,CAST IRON HOOK GARDEN FORK
23521,CAT AND BIRD WALL ART
22853,CAT BOWL VINTAGE CREAM
21547,CERAMIC BIRDHOUSE CRESTED TIT SMALL
22062,CERAMIC BOWL WITH LOVE HEART DESIGN
22063,CERAMIC BOWL WITH STRAWBERRY DESIGN
37450,CERAMIC CAKE BOWL + HANGING CAKES
37448,CERAMIC CAKE DESIGN SPOTTED MUG
37447,CERAMIC CAKE DESIGN SPOTTED PLATE
37449,CERAMIC CAKE STAND + HANGING CAKES
22645,CERAMIC HEART FAIRY CAKE MONEY BANK
22644,CERAMIC CHERRY CAKE MONEY BANK
22647,CERAMIC LOVE HEART MONEY BANK
22650,CERAMIC PIRATE CHEST MONEY BANK
22057,CERAMIC PLATE STRAWBERRY DESIGN
22646,CERAMIC STRAWBERRY CAKE MONEY BANK
22059,CERAMIC STRAWBERRY DESIGN MUG
21556,CERAMIC STRAWBERRY MONEY BOX
21555,CERAMIC STRAWBERRY TRINKET TRAY
21351,CINAMMON & ORANGE WREATH
23064,CINDERELLA CHANDELIER 
23010,CIRCUS PARADE BABY GIFT SET
22976,CIRCUS PARADE CHILDRENS EGG CUP 
22631,CIRCUS PARADE LUNCH BOX 
21713,CITRONELLA CANDLE FLOWERPOT
21714,CITRONELLA CANDLE GARDEN POT
21416,CLAM SHELL LARGE
21415,CLAM SHELL SMALL 
23498,CLASSIC BICYCLE CLIPS 
23168,CLASSIC CAFE SUGAR DISPENSER
23497,CLASSIC CROME BICYCLE BELL 
21793,CLASSIC FRENCH STYLE BASKET BROWN
21792,CLASSIC FRENCH STYLE BASKET GREEN 
23169,CLASSIC GLASS COOKIE JAR
21340,CLASSIC METAL BIRDCAGE PLANT HOLDER
21333,CLASSIC WHITE FRAME
84683,CLASSICAL ROSE CANDLESTAND
84678,CLASSICAL ROSE SMALL VASE
84679,CLASSICAL ROSE TABLE LAMP
90093,CLEAR CRYSTAL STAR PHONE CHARM
22771,CLEAR DRAWER KNOB ACRYLIC EDWARDIAN
20798,CLEAR MILKSHAKE GLASS
23179,CLOCK MAGNET MUM'S KITCHEN
22558,CLOTHES PEGS RETROSPOT PACK 24 
21417,COCKLE SHELL DISH
23123,COCKTAIL SWORDS 50 PIECES
22303,COFFEE MUG APPLES DESIGN
22304,COFFEE MUG BLUE PAISLEY DESIGN
22301,COFFEE MUG CAT + BIRD DESIGN
22300,COFFEE MUG DOG + BALL DESIGN
22302,COFFEE MUG PEARS  DESIGN
22305,COFFEE MUG PINK PAISLEY DESIGN
72122,COFFEE SCENT PILLAR CANDLE
84755,COLOUR GLASS T-LIGHT HOLDER HANGING
71477,COLOUR GLASS. STAR T-LIGHT HOLDER
35265,COLOURFUL FLOWER FRUIT BOWL
10133,COLOURING PENCILS BROWN TUBE
10135,COLOURING PENCILS BROWN TUBE
72134,COLUMBIAN  CUBE CANDLE 
72131,COLUMBIAN CANDLE RECTANGLE
72133,COLUMBIAN CANDLE RECTANGLE
72128,COLUMBIAN CANDLE ROUND
72130,COLUMBIAN CANDLE ROUND
72127,COLUMBIAN CANDLE ROUND 
72132,COLUMBIAN CUBE CANDLE
37476,CONDIMENT TRAY 4 BOWLS AND 4 SPOONS
47589,CONGRATULATIONS BUNTING
22618,COOKING SET RETROSPOT
90043,COPPER AND BRASS BAG CHARM
23015,CORDIAL GLASS JUG
79067,CORONA MEXICAN TRAY
22277,COSMETIC BAG VINTAGE ROSE PAISLEY
21591,COSY HOUR CIGAR BOX MATCHES 
21587,COSY HOUR GIANT TUBE MATCHES
21741,COSY SLIPPER SHOES LARGE GREEN
21738,COSY SLIPPER SHOES SMALL  RED 
21739,COSY SLIPPER SHOES SMALL GREEN
90159,COTE D'AZURE NECKLACE
22990,COTTON APRON PANTRY DESIGN
35954,counted
84050,counted
21410,COUNTRY COTTAGE  DOORSTOP GREEN
21509,COWBOYS AND INDIANS BIRTHDAY CARD 
90055,CRACKED GLAZE EARRINGS BROWN
90053,CRACKED GLAZE EARRINGS IVORY
90054,CRACKED GLAZE EARRINGS RED
90052,CRACKED GLAZE NECKLACE BROWN
90050,CRACKED GLAZE NECKLACE IVORY
90051,CRACKED GLAZE NECKLACE RED
20707,CRAZY DAISY HEART DECORATION
84921,CREAM AND PINK FLOWERS PONY 
23448,CREAM BUNNY EASTER EGG BASKET
22189,CREAM HEART CARD HOLDER
21106,CREAM SLICE FLANNEL CHOCOLATE SPOT 
21107,CREAM SLICE FLANNEL PINK SPOT 
22854,CREAM SWEETHEART EGG HOLDER
85064,CREAM SWEETHEART LETTER RACK
85063,CREAM SWEETHEART MAGAZINE RACK
85066,CREAM SWEETHEART MINI CHEST
85068,CREAM SWEETHEART SHELF + HOOKS
85065,CREAM SWEETHEART TRAYS
85067,CREAM SWEETHEART WALL CABINET
22822,CREAM WALL PLANTER HEART SHAPED
84548,CROCHET BEAR RED/BLUE  KEYRING
84551,CROCHET DOG KEYRING
84550,CROCHET LILAC/RED BEAR KEYRING
84593,CROCHET ROSE DES CLOTHES HANGER
84592,CROCHET ROSE PURSE WITH SUEDE BACK
84549,CROCHET WHITE RABBIT KEYRING 
82483,crushed
84228,crushed
90057,crushed boxes
90083,CRYSTAL CZECH CROSS PHONE CHARM
90086,CRYSTAL FROG PHONE CHARM
23056,CRYSTAL CHANDELIER T-LIGHT HOLDER
90087,CRYSTAL SEA HORSE PHONE CHARM
90085,CRYSTAL STILETTO PHONE CHARM
22762,CUPBOARD 3 DRAWER MA CAMPAGNE
22938,CUPCAKE LACE PAPER SET 6
72819,CUPID DESIGN SCENTED CANDLES
72821,CUPID SCENTED CANDLE IN GLASS
23410,CURIO CABINET LINEN AND LACE 
22786,CUSHION COVER PINK UNION JACK
85106,CUT GLASS HEXAGON T-LIGHT HOLDER
85107,CUT GLASS T-LIGHT HOLDER OCTAGON
21881,CUTE CATS TAPE
21595,Dad's Cab Electronic Meter
84422,Dagamed
21538,DAIRY MAID  PUDDING BOWL
21534,DAIRY MAID LARGE MILK JUG
21845,DAIRY MAID STRIPE MUG
21530,DAIRY MAID TOASTRACK
21528,DAIRY MAID TRADITIONAL TEAPOT 
21204,DAISIES  HONEYCOMB GARLAND 
35972,DAISY FOLKART HEART DECORATION
22479,DAISY GARDEN MARKER
90170,DAISY HAIR BAND
90169,DAISY HAIR COMB
20769,DAISY JOURNAL 
20775,DAISY NOTEBOOK 
20763,DAISY SKETCHBOOK 
20774,damaged
21089,damaged
21100,Damaged
21159,damaged
21179,damaged
21246,damaged
21294,damaged
21421,damaged
21654,Damaged
21761,damaged
22049,damaged
22060,damaged
22272,Damaged
22336,damaged
22667,damaged
23113,Damaged
23114,Damaged
23115,Damaged
23116,Damaged
23117,Damaged
23397,damaged
23427,damaged
37343,damaged
84865,damaged
20803,damages
20827,damages
20839,damages
20840,damages
20893,damages
21394,damages
21398,damages
21424,damages
21527,damages
21622,damages
21735,damages
22149,damages
22423,damages
22427,damages
22637,damages
22784,damages
22792,damages
22797,damages
23029,damages
23032,damages
23071,damages
23072,damages
23462,damages
71279,damages
84609,damages
84816,damages
84818,damages
37370,damages/dotcom?
84352,Damages/samples
22655,damages/showroom etc
21098,damages?
21539,damages?
21781,damages?
22217,damages?
35241,damages?
84817,DANISH ROSE DECORATIVE PLATE
84821,DANISH ROSE DELUXE COASTER
84823,DANISH ROSE FOLDING CHAIR
84819,DANISH ROSE ROUND SEWING BOX
84820,DANISH ROSE TRINKET TRAYS
84824,DANISH ROSE UMBRELLA STAND
21015,DARK BIRD HOUSE TREE DECORATION
22250,DECORATION  BUTTERFLY  MAGIC GARDEN
22248,DECORATION  PINK CHICK MAGIC GARDEN
22287,DECORATION  WOBBLY CHICKEN METAL 
22286,DECORATION  WOBBLY RABBIT  METAL 
22285,DECORATION HEN ON NEST HANGING
22268,DECORATION SITTING BUNNY
22249,DECORATION WHITE CHICK MAGIC GARDEN
21774,DECORATIVE CATS BATHROOM BOTTLE
21775,DECORATIVE FLORE BATHROOM BOTTLE
84632,DECORATIVE HANGING SHELVING UNIT
22825,DECORATIVE PLANT POT WITH FRIEZE
21773,DECORATIVE ROSE BATHROOM BOTTLE
23413,DECORATIVE VINTAGE COFFEE  BOX
23329,DECORATIVE WICKER HEART LARGE
23330,DECORATIVE WICKER HEART MEDIUM
23331,DECORATIVE WICKER HEART SMALL
22654,DELUXE SEWING KIT 
22165,DIAMANTE HEART SHAPED WALL MIRROR 
21251,DINOSAUR HEIGHT CHART STICKER SET
21561,DINOSAUR LUNCH BOX WITH CUTLERY
22334,DINOSAUR PARTY BAG + STICKER SET
21329,DINOSAURS  WRITING SET 
20668,DISCO BALL CHRISTMAS DECORATION
21464,DISCO BALL ROTATOR BATTERY OPERATED
84763,Display
21163,DO NOT TOUCH MY STUFF DOOR HANGER 
21056,DOCTOR'S BAG SOFT TOY
23522,DOG AND BALL WALL ART
22349,DOG BOWL CHASING BALL DESIGN
22852,DOG BOWL VINTAGE CREAM
23526,DOG LICENCE WALL ART
84581,DOG TOY WITH PINK CROCHET SKIRT
10120,DOGGY RUBBER
23236,DOILEY BISCUIT TIN
23695,DOILY THANK YOU CARD
23128,DOLLCRAFT BOY JEAN-PAUL 
23126,DOLLCRAFT GIRL AMELIE
23127,DOLLCRAFT GIRL NICOLE
23459,DOLLY CABINET 2 DRAWERS 
23458,DOLLY CABINET 3 DRAWERS 
23008,DOLLY GIRL BABY GIFT SET
23289,DOLLY GIRL CHILDRENS BOWL
23291,DOLLY GIRL CHILDRENS CUP
22977,DOLLY GIRL CHILDRENS EGG CUP
22630,DOLLY GIRL LUNCH BOX
23390,DOLLY GIRL MINI BACKPACK
23529,DOLLY GIRL WALL ART
21202,DOLLY HONEYCOMB GARLAND
20686,DOLLY MIXTURE CHILDREN'S UMBRELLA
77079,DOLPHIN WINDMILL
23229,DONKEY TAIL GAME 
21248,DOOR HANGER  MUM + DADS ROOM
23035,DOORKNOB CERAMIC IVORY
23028,DOORKNOB CRACKED GLAZE BLUE
23031,DOORKNOB CRACKED GLAZE PINK
48111,DOORMAT 3 SMILEY CATS
22366,DOORMAT AIRMAIL 
48184,DOORMAT ENGLISH ROSE 
21523,DOORMAT FANCY FONT HOME SWEET HOME
48194,DOORMAT HEARTS
22690,DOORMAT HOME SWEET HOME BLUE 
22660,DOORMAT I LOVE LONDON
23284,DOORMAT KEEP CALM AND COME IN
22689,DOORMAT MERRY CHRISTMAS RED 
48116,DOORMAT MULTICOLOUR STRIPE
22414,DOORMAT NEIGHBOURHOOD WITCH 
48187,DOORMAT NEW ENGLAND
22688,DOORMAT PEACE ON EARTH BLUE
20685,DOORMAT RED RETROSPOT
22365,DOORMAT RESPECTABLE HOUSE
21524,DOORMAT SPOTTY HOME SWEET HOME
48129,DOORMAT TOPIARY
48138,DOORMAT UNION FLAG
21955,DOORMAT UNION JACK GUNS AND ROSES
23283,DOORMAT VINTAGE LEAF
48188,DOORMAT WELCOME PUPPIES
22691,DOORMAT WELCOME SUNRISE
22692,DOORMAT WELCOME TO OUR HOME
22513,DOORSTOP FOOTBALL DESIGN
22512,DOORSTOP RACING CAR DESIGN
22508,DOORSTOP RETROSPOT HEART
21804,dotcom
22043,dotcom
22579,dotcom
35965,dotcom
22127,Dotcom sold in 6's
22016,Dotcomgiftshop Gift Voucher £100.00
22351,DOTCOMGIFTSHOP TEA TOWEL
72817,dotcomstock
23075,DOUBLE CERAMIC PARLOUR HOOK
23077,DOUGHNUT LIP GLOSS 
21594,Dr. Jam's Arouzer Stress Ball
23034,DRAWER KNOB CERAMIC BLACK
23033,DRAWER KNOB CERAMIC RED
23025,DRAWER KNOB VINTAGE GLASS BALL
23027,DRAWER KNOB VINTAGE GLASS HEXAGON
23026,DRAWER KNOB VINTAGE GLASS STAR
90188,DROP EARRINGS W FLOWER & LEAF
35921,EASTER BUNNY HANGING GARLAND
84231,EASTER BUNNY WITH BASKET ON BACK
35922,EASTER BUNNY WREATH
22148,EASTER CRAFT 4 CHICKS 
22146,EASTER CRAFT IVY WREATH WITH CHICK
22267,EASTER DECORATION EGG BUNNY 
22266,EASTER DECORATION HANGING BUNNY
22265,EASTER DECORATION NATURAL CHICK
21717,EASTER TIN BUCKET
22859,EASTER TIN BUNNY BOUQUET
22861,EASTER TIN CHICKS IN GARDEN
22860,EASTER TIN CHICKS PINK DAISY
22858,EASTER TIN KEEPSAKE
22281,EASTER TREE YELLOW BIRDS
20666,ECONOMY HOLIDAY PURSE
20659,ECONOMY LUGGAGE TAG
90022,EDWARDIAN DROP EARRINGS JET BLACK
23070,EDWARDIAN HEART PHOTO FRAME
20679,EDWARDIAN PARASOL RED
23069,EDWARDIAN PHOTO FRAME
23568,EGG CUP HENRIETTA HEN CREAM 
23567,EGG CUP HENRIETTA HEN PINK
23566,EGG CUP MILKMAID HEIDI
23565,EGG CUP MILKMAID HELGA 
23564,EGG CUP MILKMAID INGRID
22269,EGG CUP NATURAL CHICKEN
23339,EGG FRYING PAN BLUE 
23335,EGG FRYING PAN IVORY 
23337,EGG FRYING PAN MINT 
23336,EGG FRYING PAN PINK 
23338,EGG FRYING PAN RED 
21827,EIGHT PIECE CREEPY CRAWLIE SET
21826,EIGHT PIECE DINOSAUR SET
21828,EIGHT PIECE SNAKE  SET
21507,ELEPHANT BIRTHDAY CARD 
21627,ELEPHANT CARNIVAL POUFFE
22460,EMBOSSED GLASS TEALIGHT HOLDER
23074,EMBOSSED HEART TRINKET BOX
23519,EMBROIDERED RIBBON REEL CLAIRE
23515,EMBROIDERED RIBBON REEL DAISY 
23511,EMBROIDERED RIBBON REEL EMILY 
23518,EMBROIDERED RIBBON REEL RACHEL 
23517,EMBROIDERED RIBBON REEL REBECCA 
23512,EMBROIDERED RIBBON REEL ROSIE
23520,EMBROIDERED RIBBON REEL RUBY 
23514,EMBROIDERED RIBBON REEL SALLY 
23516,EMBROIDERED RIBBON REEL SOPHIE  
23513,EMBROIDERED RIBBON REEL SUSIE 
22494,EMERGENCY FIRST AID TIN 
22023,EMPIRE BIRTHDAY CARD
22053,EMPIRE DESIGN ROSETTE
22047,EMPIRE GIFT WRAP
22091,EMPIRE TISSUE BOX
22476,EMPIRE UNION JACK TV DINNER TRAY
23250,ENAMEL BOWL PANTRY
22424,ENAMEL BREAD BIN CREAM
22425,ENAMEL COLANDER CREAM
23249,ENAMEL DINNER PLATE PANTRY
22428,ENAMEL FIRE BUCKET CREAM
23252,ENAMEL JUG PANTRY
22429,ENAMEL MEASURING JUG CREAM
23251,ENAMEL MUG PANTRY
22426,ENAMEL WASH BOWL CREAM
22430,ENAMEL WATERING CAN CREAM
84792,ENCHANTED BIRD COATHANGER 5 HOOK
84789,ENCHANTED BIRD PLANT CAGE
18007,ESSENTIAL BALM 3.5g TIN IN ENVELOPE
21009,ETCHED GLASS STAR TREE DECORATION
21352,EUCALYPTUS & PINECONE  WREATH
37495,FAIRY CAKE BIRTHDAY CANDLE SET
21108,FAIRY CAKE FLANNEL ASSORTED COLOUR
22466,FAIRY TALE COTTAGE NIGHT LIGHT
22169,FAMILY ALBUM WHITE PICTURE FRAME
22768,FAMILY PHOTO FRAME CORNICE
15030,FAN BLACK FRAME 
21506,FANCY FONT BIRTHDAY CARD 
21497,FANCY FONTS BIRTHDAY WRAP
22802,FAUX FUR CHOCOLATE THROW
21481,FAWN BLUE HOT WATER BOTTLE
22260,FELT EGG COSY BLUE RABBIT 
22262,FELT EGG COSY CHICKEN
22263,FELT EGG COSY LADYBIRD 
22261,FELT EGG COSY WHITE RABBIT 
22259,FELT FARM ANIMAL HEN
22256,FELT FARM ANIMAL CHICKEN
22258,FELT FARM ANIMAL RABBIT
22257,FELT FARM ANIMAL SHEEP
22264,FELT FARM ANIMAL WHITE BUNNY 
22255,FELT TOADSTOOL  SMALL
22254,FELT TOADSTOOL LARGE
22147,FELTCRAFT BUTTERFLY HEARTS
22274,FELTCRAFT DOLL EMILY
22273,FELTCRAFT DOLL MOLLY
22271,FELTCRAFT DOLL ROSIE
22586,FELTCRAFT HAIRBAND PINK AND BLUE
22566,FELTCRAFT HAIRBAND PINK AND PURPLE
22587,FELTCRAFT HAIRBAND RED AND BLUE
22565,FELTCRAFT HAIRBANDS PINK AND WHITE 
22940,FELTCRAFT CHRISTMAS FAIRY
22749,FELTCRAFT PRINCESS CHARLOTTE DOLL
22750,FELTCRAFT PRINCESS LOLA DOLL
22751,FELTCRAFT PRINCESS OLIVIA DOLL
72232,FENG SHUI PILLAR CANDLE
90023,FILIGREE DIAMANTE EARRINGS
90020,FILIGREE DIAMANTE CHAIN
23228,FILIGREE HEART BIRD WHITE 
23227,FILIGREE HEART BUTTERFLY WHITE 
23226,FILIGREE HEART DAISY WHITE
21390,FILIGRIS HEART WITH BUTTERFLY
90146,FINE SILVER NECKLACE W PASTEL FLOWE
22855,FINE WICKER HEART 
21260,FIRST AID TIN
20662,FIRST CLASS HOLIDAY PURSE 
20654,FIRST CLASS LUGGAGE TAG 
20617,FIRST CLASS PASSPORT COVER 
22317,FIVE CATS HANGING DECORATION
22318,FIVE HEART HANGING DECORATION
84033,FLAG OF ST GEORGE 
84016,FLAG OF ST GEORGE CAR FLAG
78033,FLAG OF ST GEORGE CHAIR
84527,FLAMES SUNGLASSES PINK LENSES
79320,FLAMINGO LIGHTS
21630,FLOOR CUSHION ELEPHANT CARNIVAL
84358,FLOOR LAMP SHADE WOOD BASE
84847,FLORAL BATHROOM SET
20695,FLORAL BLUE MONSTER
21993,FLORAL FOLK STATIONERY SET
20696,FLORAL SOFT CAR TOY
23664,FLOWER SHOP DESIGN MUG
21470,FLOWER VINE RAFFIA FOOD COVER
21676,FLOWERS  STICKERS
84674,FLYING PIG WATERING CAN
23280,FOLDING BUTTERFLY MIRROR HOT PINK 
23282,FOLDING BUTTERFLY MIRROR IVORY 
23281,FOLDING BUTTERFLY MIRROR RED  
16010,FOLDING CAMPING SCISSOR W/KNIF & S
45013,FOLDING SHOE TIDY
21707,FOLDING UMBRELLA BLACKBLUE POLKADOT
21708,FOLDING UMBRELLA CREAM POLKADOT
21709,FOLDING UMBRELLA CHOCOLATE POLKADOT
21710,FOLDING UMBRELLA PINKWHITE POLKADOT
21706,FOLDING UMBRELLA RED/WHITE POLKADOT
21711,FOLDING UMBRELLA WHITE/RED POLKADOT
35968,FOLK ART METAL HEART T-LIGHT HOLDER
35967,FOLK ART METAL STAR T-LIGHT HOLDER
84748,FOLK FELT HANGING MULTICOL GARLAND
35964,FOLKART CLIP ON STARS
35966,FOLKART CHRISTMAS TREE T-LIGHT HOLD
35953,FOLKART STAR CHRISTMAS DECORATIONS
35961,FOLKART ZINC HEART CHRISTMAS DEC
35958,FOLKART ZINC STAR CHRISTMAS DEC
22131,FOOD CONTAINER SET 3 LOVE HEART 
23299,FOOD COVER WITH BEADS  SET 2 SIZES
16012,FOOD/DRINK SPONGE STICKERS
20936,FORKED CACTUS CANDLE
20713,found
20748,Found
20754,Found
21051,found
21082,found
21174,found
22501,Found
22759,found
84944,found
85054,found
85127,found
22212,FOUR HOOK  WHITE LOVEBIRDS
35920,FOUR RABBIT EASTER DECORATIONS
84725,FREESTYLE CANVAS ART PICTURE
22672,FRENCH BATHROOM SIGN BLUE METAL
22685,FRENCH BLUE METAL DOOR SIGN 0
22676,FRENCH BLUE METAL DOOR SIGN 1
22677,FRENCH BLUE METAL DOOR SIGN 2
22678,FRENCH BLUE METAL DOOR SIGN 3
22679,FRENCH BLUE METAL DOOR SIGN 4
22680,FRENCH BLUE METAL DOOR SIGN 5
22681,FRENCH BLUE METAL DOOR SIGN 6
22682,FRENCH BLUE METAL DOOR SIGN 7
22683,FRENCH BLUE METAL DOOR SIGN 8
22684,FRENCH BLUE METAL DOOR SIGN 9
22686,FRENCH BLUE METAL DOOR SIGN No
23099,FRENCH CARRIAGE LANTERN
85053,FRENCH ENAMEL CANDLEHOLDER
85055,FRENCH ENAMEL UTENSIL HOLDER
85059,FRENCH ENAMEL WATER BASIN
20837,FRENCH FLORAL CUSHION COVER 
22673,FRENCH GARDEN SIGN BLUE METAL
85030,FRENCH CHATEAU OVAL PLATTER
22675,FRENCH KITCHEN SIGN BLUE METAL
20835,FRENCH LATTICE CUSHION COVER 
20838,FRENCH LATTICE CUSHION COVER 
22671,FRENCH LAUNDRY SIGN BLUE METAL
21391,FRENCH LAVENDER SCENT HEART
20836,FRENCH PAISLEY CUSHION COVER
21277,FRENCH STYLE EMBOSSED HEART CABINET
23187,FRENCH STYLE STORAGE JAR BONBONS
23186,FRENCH STYLE STORAGE JAR CAFE 
23185,FRENCH STYLE STORAGE JAR JAM
22674,FRENCH TOILET SIGN BLUE METAL
22670,FRENCH WC SIGN BLUE METAL
22924,FRIDGE MAGNETS LA VIE EN ROSE
22923,FRIDGE MAGNETS LES ENFANTS ASSORTED
22922,FRIDGE MAGNETS US DINER ASSORTED
20941,FROG CANDLE
84675,FROG KING WATERING CAN
79403,FROSTED WHITE BASE 
79406,FROSTED WHITE BASE 
90116,FRUIT SALAD BAG CHARM
84631,FRUIT TREE AND BIRDS WALL PLAQUE
22201,FRYING PAN BLUE POLKADOT
22200,FRYING PAN PINK POLKADOT
22199,FRYING PAN RED POLKADOT 
22207,FRYING PAN UNION FLAG
22109,FULL ENGLISH BREAKFAST PLATE
22741,FUNKY DIVA PEN
46118,FUNKY MONKEY CUSHION COVER
37461,FUNKY MONKEY MUG
20751,FUNKY WASHING UP GLOVES ASSORTED
20785,FUSCHIA RETRO BAR STOOL
21745,GAOLERS KEYS DECORATIVE GARDEN 
21899,GARAGE KEY FOB
21911,GARDEN METAL SIGN 
20772,GARDEN PATH JOURNAL
20778,GARDEN PATH NOTEBOOK 
20760,GARDEN PATH POCKET BOOK
20766,GARDEN PATH SKETCHBOOK
22528,GARDENERS KNEELING PAD
23300,GARDENERS KNEELING PAD CUP OF TEA 
23301,GARDENERS KNEELING PAD KEEP CALM 
21812,GARLAND WITH HEARTS AND BELLS
21813,GARLAND WITH STARS AND BELLS
22241,GARLAND WOODEN HAPPY EASTER
22246,GARLAND MAGIC GARDEN 1.8M
23489,GARLAND VINTAGE BELLS
22651,GENTLEMAN SHIRT REPAIR KIT 
23073,GEORGIAN TRINKET BOX
23320,GIANT 50'S CHRISTMAS CRACKER
21681,GIANT MEDINA STAMPED METAL BOWL 
22820,GIFT BAG BIRTHDAY
23436,GIFT BAG LARGE VINTAGE CHRISTMAS
22821,GIFT BAG PSYCHEDELIC APPLES
21519,GIN & TONIC DIET GREETING CARD 
21175,GIN + TONIC DIET METAL SIGN
21874,GIN AND TONIC MUG
22966,GINGERBREAD MAN COOKIE CUTTER
22510,GINGHAM BABUSHKA DOORSTOP
21411,GINGHAM HEART  DOORSTOP RED
22595,GINGHAM HEART DECORATION
21836,GINGHAM OVEN GLOVE RED HEART 
23424,GINGHAM RECIPE BOOK BOX
22986,GINGHAM ROSE WRAP
22991,GIRAFFE WOODEN RULER
84568,GIRLS ALPHABET IRON ON PATCHES 
21715,GIRLS VINTAGE TIN SEASIDE BUCKET
84854,GIRLY PINK TOOL SET
21872,GLAMOROUS  MUG
21658,GLASS  BEURRE DISH
23020,GLASS  SONGBIRD STORAGE JAR
23014,GLASS APOTHECARY BOTTLE ELIXIR
23012,GLASS APOTHECARY BOTTLE PERFUME
23013,GLASS APOTHECARY BOTTLE TONIC
22777,GLASS BELL JAR LARGE
22778,GLASS BELL JAR SMALL
23089,GLASS BON BON JAR
23021,GLASS BONNE JAM JAR
21667,GLASS CAKE COVER AND PLATE
21313,GLASS HEART T-LIGHT HOLDER 
21318,GLASS CHALICE BLUE SMALL 
22361,GLASS JAR DAISY FRESH COTTON WOOL
22364,GLASS JAR DIGESTIVE BISCUITS
22360,GLASS JAR ENGLISH CONFECTIONERY
22359,GLASS JAR KINGS CHOICE
22363,GLASS JAR MARMALADE 
22362,GLASS JAR PEACOCK BATH SALTS
21317,GLASS SPHERE CANDLE STAND MEDIUM
21730,GLASS STAR FROSTED T-LIGHT HOLDER
23016,GLASS TWIST BON BON JAR
20828,GLITTER BUTTERFLY CLIPS
20829,GLITTER HANGING BUTTERFLY STRING
21818,GLITTER HEART DECORATION
21820,GLITTER HEART GARLAND WITH BELLS 
21819,GLITTER CHRISTMAS STAR 
21817,GLITTER CHRISTMAS TREE
21822,GLITTER CHRISTMAS TREE WITH BELLS
21011,GLITTER SNOW PEAR TREE DECORATION
21821,GLITTER STAR GARLAND WITH BELLS 
84199,GLOW IN DARK DOLPHINS
20861,GOLD COSMETIC BAG PINK STAR
20860,GOLD COSMETICS BAG WITH BUTTERFLY
20781,GOLD EAR MUFF HEADPHONES
20869,GOLD FABRIC MIRROR
21128,GOLD FISHING GNOME
20816,GOLD FLOWER CUSHION COVER 
20733,GOLD MINI TAPE MEASURE 
22307,GOLD MUG BONE CHINA TREE OF LIFE
20831,GOLD PHOTO FRAME
21131,GOLD STANDING GNOME
20818,GOLD TEDDY BEAR
21336,GOLD WASHBAG
20823,GOLD WINE GOBLET
20821,GOLDIE LOOKING MIRROR
72741,GRAND CHOCOLATECANDLE
21847,GREEN  DIAMANTE PEN IN GIFT BOX
21442,GREEN BIRDHOUSE DECORATION
22773,GREEN DRAWER KNOB ACRYLIC EDWARDIAN
21460,GREEN EASTER EGG HUNT START POST
20768,GREEN FERN JOURNAL 
20756,GREEN FERN POCKET BOOK
20762,GREEN FERN SKETCHBOOK 
21261,GREEN GOOSE FEATHER CHRISTMAS TREE 
21263,GREEN GOOSE FEATHER TREE 60CM
22187,GREEN CHRISTMAS TREE CARD HOLDER
85045,GREEN CHRISTMAS TREE STRING 20LIGHT
23081,GREEN METAL BOX ARMY SUPPLIES
20674,GREEN POLKADOT BOWL
21245,GREEN POLKADOT PLATE 
22697,GREEN REGENCY TEACUP AND SAUCER
23288,GREEN VINTAGE SPOT BEAKER
84882,GREEN WIRE STANDING CANDLE HOLDER
90048,GREEN WITH METAL BAG CHARM
22113,GREY HEART HOT WATER BOTTLE
10080,GROOVY CACTUS INFLATABLE
22693,GROW A FLYTRAP OR SUNFLOWER IN TIN
22441,GROW YOUR OWN BASIL IN ENAMEL MUG
22442,GROW YOUR OWN FLOWERS SET OF 3
22443,GROW YOUR OWN HERBS SET OF 3
22444,GROW YOUR OWN PLANT IN A CAN 
22467,GUMBALL COAT RACK
22781,GUMBALL MAGAZINE RACK
22719,GUMBALL MONOCHROME COAT RACK
23194,GYMKHANA TREASURE BOOK BOX
22319,HAIRCLIPS FORTIES FABRIC ASSORTED
22833,HALL CABINET WITH 3 DRAWERS
85152,HAND OVER THE CHOCOLATE   SIGN 
23441,HAND PAINTED HANGING EASTER EGG
84916,HAND TOWEL PALE BLUE W FLOWERS
84915,HAND TOWEL PINK FLOWER AND DAISY
22834,HAND WARMER BABUSHKA DESIGN
22867,HAND WARMER BIRD DESIGN
22865,HAND WARMER OWL DESIGN
23439,HAND WARMER RED LOVE HEART
22632,HAND WARMER RED POLKA DOT
22866,HAND WARMER SCOTTY DOG DESIGN
22633,HAND WARMER UNION JACK
23483,HANGING  BUTTERFLY T-LIGHT HOLDER
20894,HANGING BAUBLE T-LIGHT HOLDER LARGE
85189,HANGING BUTTERFLY  EGG
23327,HANGING CLEAR MINI BOTTLE
23067,HANGING ENGRAVED METAL HEART
35924,HANGING FAIRY CAKE DECORATION
21651,HANGING GLASS ETCHED TEALIGHT
85195,HANGING HEART BASKET
23398,HANGING HEART BONHEUR
84978,HANGING HEART JAR T-LIGHT HOLDER
22227,HANGING HEART MIRROR DECORATION 
21811,HANGING HEART WITH BELL
22292,HANGING CHICK  YELLOW DECORATION
22291,HANGING CHICK CREAM DECORATION
22293,HANGING CHICK GREEN DECORATION
71459,HANGING JAM JAR T-LIGHT HOLDER
21324,HANGING MEDINA LANTERN SMALL
22464,HANGING METAL HEART LANTERN
22289,HANGING METAL CHICKEN DECORATION
22288,HANGING METAL RABBIT DECORATION
22465,HANGING METAL STAR LANTERN
23326,HANGING MINI COLOURED BOTTLES
47480,HANGING PHOTO CLIP ROPE LADDER
23433,HANGING QUILTED PATCHWORK APPLES
21655,HANGING RIDGE GLASS T-LIGHT HOLDER
85203,HANGING WOOD AND FELT BUTTERFLY 
85204,HANGING WOOD AND FELT FLOWER
85202,HANGING WOOD AND FELT HEART
22270,HAPPY EASTER HANGING DECORATION
22563,HAPPY STENCIL CRAFT
37468,HARDMAN MUG 3 ASSORTED
21562,HAWAIIAN GRASS SKIRT 
23060,HEART BEADED TRELLIS DECORATION
82095,HEART BUTTONS JEWELLERY BOX
20985,HEART CALCULATOR
22335,HEART DECORATION PAINTED ZINC 
22161,HEART DECORATION RUSTIC HANGING 
22156,HEART DECORATION WITH PEARLS 
22294,HEART FILIGREE DOVE  SMALL
22295,HEART FILIGREE DOVE LARGE
22162,HEART GARLAND RUSTIC PADDED
22296,HEART IVORY TRELLIS LARGE
22297,HEART IVORY TRELLIS SMALL
23452,HEART MINI PORTRAIT FRAME
22470,HEART OF WICKER LARGE
22469,HEART OF WICKER SMALL
79160,HEART SHAPE WIRELESS DOORBELL
23129,HEART SHAPED HOLLY WREATH
84975,HEART SHAPED MIRROR
22163,HEART STRING MEMO HOLDER HANGING
85118,HEART T-LIGHT HOLDER
21814,HEART T-LIGHT HOLDER 
23273,HEART T-LIGHT HOLDER WILLIE WINKIE
23484,HEART TRELLIS TRIPLE T-LIGHT HOLDER
22574,HEART WOODEN CHRISTMAS DECORATION
23212,HEART WREATH DECORATION WITH BELL
21677,HEARTS  STICKERS
21879,HEARTS GIFT TAPE
17001,HEAVENS SCENT FRAGRANCE OILS ASSTD
84842,HELLO SAILOR BATHROOM SET
22284,HEN HOUSE DECORATION
84226,HEN HOUSE W FAMILY IN BARN & NEST
84227,HEN HOUSE W CHICK IN NEST
22954,HEN PARTY CORDON BARRIER TAPE
23660,HENRIETTA HEN MUG 
22920,HERB MARKER BASIL
22921,HERB MARKER CHIVES 
22919,HERB MARKER MINT
22918,HERB MARKER PARSLEY
22917,HERB MARKER ROSEMARY
22916,HERB MARKER THYME
70007,HI TEC ALPINE HAND WARMER
23702,High Resolution Image
85096,HILDA CANDY SPOT RABBIT
21631,HIPPY CHIC DECORATIVE PARASOL
82600,historic computer difference?....se
22550,HOLIDAY FUN LUDO
85084,HOLLY TOP CHRISTMAS STOCKING
21754,HOME BUILDING BLOCK WORD
22342,HOME GARLAND PAINTED ZINC 
21363,HOME SMALL WOOD LETTERS
23402,HOME SWEEET HOME 3 PEG HANGER 
23405,HOME SWEET HOME 2 DRAWER CABINET
23404,HOME SWEET HOME BLACKBOARD
23419,HOME SWEET HOME BOTTLE 
23393,HOME SWEET HOME CUSHION COVER 
23399,HOME SWEET HOME HANGING HEART
23415,HOME SWEET HOME HOOK
23406,HOME SWEET HOME KEY HOLDER
21164,HOME SWEET HOME METAL SIGN 
21877,HOME SWEET HOME MUG
22969,HOMEMADE JAM SCENTED CANDLES
22245,HOOK 1 HANGER MAGIC GARDEN
23524,HORSE & PONY WALL ART
23358,HOT STUFF HOT WATER BOTTLE
22835,HOT WATER BOTTLE I AM SO POORLY
23355,HOT WATER BOTTLE KEEP CALM
23357,HOT WATER BOTTLE SEX BOMB
22114,HOT WATER BOTTLE TEA AND SYMPATHY
16219,HOUSE SHAPE PENCIL SHARPENER
21904,HOUSE WRECKING METAL SIGN 
22769,CHALKBOARD KITCHEN ORGANISER
23416,CHAMBRE HOOK
23205,CHARLOTTE BAG ALPHABET  DESIGN
23204,CHARLOTTE BAG APPLES DESIGN
22661,CHARLOTTE BAG DOLLY GIRL DESIGN
22356,CHARLOTTE BAG PINK POLKADOT
22355,CHARLOTTE BAG SUKI DESIGN
16008,check
16045,check
20711,check
20832,check
20898,check
20902,check
21014,check
21071,check
21192,check
21349,check
21620,check
21636,check
21744,check
21786,check
21803,check
21810,check
21824,check
21992,check
22025,check
22117,check
22142,check
22152,check
22181,check
22339,check
22522,check
22533,check
22576,check
22577,check
22601,check
22606,check
22652,check
22810,check
22892,check
22943,check
22946,check
22959,check
23091,check
23157,check
23348,check
23400,check
35648,check
40001,check
71038,check
72818,check
85111,check
85125,check
85208,check
84723,CHERRY BLOSSOM CANVAS ART PICTURE
20653,CHERRY BLOSSOM LUGGAGE TAG
20616,CHERRY BLOSSOM PASSPORT COVER
20667,CHERRY BLOSSOM PURSE
21467,CHERRY CROCHET FOOD COVER
23224,CHERUB HEART DECORATION GOLD
23225,CHERUB HEART DECORATION SILVER 
22761,CHEST 7 DRAWER MA CAMPAGNE
22823,CHEST NATURAL WOOD 20 DRAWERS
21484,CHICK GREY HOT WATER BOTTLE
22898,CHILDRENS APRON APPLES DESIGN
22899,CHILDREN'S APRON DOLLY GIRL 
22367,CHILDRENS APRON SPACEBOY DESIGN
22973,CHILDREN'S CIRCUS PARADE MUG
23255,CHILDRENS CUTLERY CIRCUS PARADE
23254,CHILDRENS CUTLERY DOLLY GIRL 
23256,CHILDRENS CUTLERY SPACEBOY 
22974,CHILDRENS DOLLY GIRL MUG
22524,CHILDRENS GARDEN GLOVES BLUE
22525,CHILDRENS GARDEN GLOVES PINK
22972,CHILDRENS SPACEBOY MUG
22636,CHILDS BREAKFAST SET CIRCUS PARADE
22635,CHILDS BREAKFAST SET DOLLY GIRL 
22634,CHILDS BREAKFAST SET SPACEBOY 
22518,CHILDS GARDEN BRUSH BLUE
22519,CHILDS GARDEN BRUSH PINK
22516,CHILDS GARDEN RAKE BLUE
22517,CHILDS GARDEN RAKE PINK
22514,CHILDS GARDEN SPADE BLUE
22515,CHILDS GARDEN SPADE PINK
22520,CHILDS GARDEN TROWEL BLUE 
22521,CHILDS GARDEN TROWEL PINK
79321,CHILLI LIGHTS
22067,CHOC TRUFFLE GOLD TRINKET POT 
21832,CHOCOLATE CALCULATOR
22112,CHOCOLATE HOT WATER BOTTLE
21908,CHOCOLATE THIS WAY METAL SIGN
22042,CHRISTMAS CARD SINGING ANGEL
22044,CHRISTMAS CARD STACK OF PRESENTS
22145,CHRISTMAS CRAFT HEART STOCKING 
22144,CHRISTMAS CRAFT LITTLE FRIENDS
22141,CHRISTMAS CRAFT TREE TOP ANGEL
21808,CHRISTMAS GARLAND STARSTREES
22593,CHRISTMAS GINGHAM STAR
22594,CHRISTMAS GINGHAM TREE
23058,CHRISTMAS HANGING SNOWFLAKE
21809,CHRISTMAS HANGING TREE WITH BELL
22941,CHRISTMAS LIGHTS 10 REINDEER
22942,CHRISTMAS LIGHTS 10 SANTAS 
22944,CHRISTMAS METAL POSTCARD WITH BELLS
22945,CHRISTMAS METAL TAGS ASSORTED 
22597,CHRISTMAS MUSICAL ZINC HEART 
22599,CHRISTMAS MUSICAL ZINC STAR
22598,CHRISTMAS MUSICAL ZINC TREE
22065,CHRISTMAS PUDDING TRINKET POT 
22602,CHRISTMAS RETROSPOT HEART WOOD
22600,CHRISTMAS RETROSPOT STAR WOOD
22603,CHRISTMAS RETROSPOT TREE WOOD
22596,CHRISTMAS STAR WISH LIST CHALKBOARD
23271,CHRISTMAS TABLE CANDLE SILVER SPIKE
21801,CHRISTMAS TREE DECORATION WITH BELL
23222,CHRISTMAS TREE HANGING GOLD
23223,CHRISTMAS TREE HANGING SILVER 
21802,CHRISTMAS TREE HEART DECORATION
21816,CHRISTMAS TREE T-LIGHT HOLDER
20771,CHRYSANTHEMUM  JOURNAL
20777,CHRYSANTHEMUM NOTEBOOK
20759,CHRYSANTHEMUM POCKET BOOK 
20765,CHRYSANTHEMUM SKETCHBOOK 
90056,CHUNKY CRACKED GLAZE NECKLACE IVORY
90147,CHUNKY SILVER NECKLACE PASTEL FLOWE
21870,I CAN ONLY PLEASE ONE PERSON MUG
23009,I LOVE LONDON BABY GIFT SET
23347,I LOVE LONDON BEAKER
23537,I LOVE LONDON WALL ART
23445,ICE CREAM BUBBLES
23078,ICE CREAM PEN LIP GLOSS 
23076,ICE CREAM SUNDAE LIP GLOSS
37413,ICON MUG REVOLUTIONARY
21873,IF YOU CAN'T STAND THE HEAT MUG
22350,ILLUSTRATED CAT BOWL 
21907,I'M ON HOLIDAY METAL SIGN
23268,Incorrect stock entry.
23269,incorrect stock entry.
23270,incorrect stock entry.
10002,INFLATABLE POLITICAL GLOBE 
23104,IVORY CAFE HANGING LAMP 
22191,IVORY DINER WALL CLOCK
22803,IVORY EMBROIDERED QUILT 
22926,IVORY GIANT GARDEN THERMOMETER
90049,IVORY GOLD METAL BAG CHARM
21389,IVORY HANGING DECORATION  BIRD
21386,IVORY HANGING DECORATION  EGG
21385,IVORY HANGING DECORATION  HEART
23055,IVORY CHANDELIER T-LIGHT HOLDER
22624,IVORY KITCHEN SCALES
22310,IVORY KNITTED MUG COSY 
21215,IVORY PAPER CUP CAKE CASES 
23315,IVORY REFECTORY CLOCK
23428,IVORY RETRO KITCHEN WALL CLOCK
72709,IVORY SCULPTED RND CANDLE 
90033,IVORY SHELL HEART EARRINGS
90032,IVORY SHELL HEART NECKLACE
23150,IVORY SWEETHEART SOAP DISH
23152,IVORY SWEETHEART WIRE LETTER RACK 
23332,IVORY WICKER HEART LARGE
23333,IVORY WICKER HEART MEDIUM
23334,IVORY WICKER HEART SMALL
23142,IVORY WIRE KITCHEN ORGANISER
23136,IVORY WIRE SWEETHEART LETTER TRAY
90192,JADE DROP EARRINGS W FILIGREE
23178,JAM CLOCK MAGNET
22963,JAM JAR WITH BLUE LID
22962,JAM JAR WITH PINK LID
22961,JAM MAKING SET PRINTED
22960,JAM MAKING SET WITH JARS
85144,JARDIN ETCHED GLASS BUTTER DISH
85141,JARDIN ETCHED GLASS FRUITBOWL
85145,JARDIN ETCHED GLASS LARGE BELL JAR
85146,JARDIN ETCHED GLASS SMALL BELL JAR
20996,JAZZ HEARTS ADDRESS BOOK
20992,JAZZ HEARTS PURSE NOTEBOOK
22233,JIGSAW RABBIT AND BIRDHOUSE
22232,JIGSAW TOADSTOOLS 3 PIECE
22231,JIGSAW TREE WITH BIRDHOUSE
22230,JIGSAW TREE WITH WATERING CAN
23215,JINGLE BELL HEART ANTIQUE SILVER
21915,John Lewis
21360,JOY LARGE WOOD LETTERS
22118,JOY WOODEN BLOCK LETTERS
23344,JUMBO BAG 50'S CHRISTMAS 
23201,JUMBO BAG ALPHABET
23199,JUMBO BAG APPLES
23203,JUMBO BAG DOILEY PATTERNS
22663,JUMBO BAG DOLLY GIRL DESIGN
21033,JUMBO BAG CHARLIE AND LOLA TOYS
23581,JUMBO BAG PAISLEY PARK
23200,JUMBO BAG PEARS
22386,JUMBO BAG PINK POLKADOT
21929,JUMBO BAG PINK VINTAGE PAISLEY
21928,JUMBO BAG SCANDINAVIAN BLUE PAISLEY
22385,JUMBO BAG SPACEBOY DESIGN
23202,JUMBO BAG VINTAGE LEAF
20712,JUMBO BAG WOODLAND ANIMALS
22411,JUMBO SHOPPER VINTAGE RED PAISLEY
21930,JUMBO STORAGE BAG SKULLS
21931,JUMBO STORAGE BAG SUKI
84828,JUNGLE POPSICLES ICE LOLLY HOLDERS
23691,KEEP CALM BIRTHDAY WRAP
23543,KEEP CALM WALL ART 
21161,KEEP OUT BOYS DOOR HANGER 
21160,KEEP OUT GIRLS DOOR HANGER 
22763,KEY CABINET MA CAMPAGNE
21901,KEY FOB  BACK DOOR 
21902,KEY FOB  FRONT  DOOR 
21900,KEY FOB  SHED
23500,KEY RING BASEBALL BOOT ASSORTED 
23501,KEY RING BASEBALL BOOT UNION JACK
21788,KIDS RAIN MAC BLUE
21789,KIDS RAIN MAC PINK
22357,KINGS CHOICE BISCUIT TIN
21586,KINGS CHOICE GIANT TUBE MATCHES
21875,KINGS CHOICE MUG
22358,KINGS CHOICE TEA CADDY 
84637,KITCHEN FLOWER POTS WALL PLAQUE
82578,KITCHEN METAL SIGN
21944,KITTENS DESIGN FLANNEL
16236,KITTY PENCIL ERASERS
23302,KNEELING MAT HOUSEWORK  DESIGN
23155,KNICKERBOCKERGLORY MAGNET ASSORTED 
84539,KNITTED RABBIT DOLL 
85150,LADIES & GENTLEMEN METAL SIGN
22135,LADLE LOVE HEART PINK
22134,LADLE LOVE HEART RED 
22095,LADS ONLY TISSUE BOX
21472,LADYBIRD + BEE RAFFIA FOOD COVER
23557,LANDMARK FRAME BAKER STREET 
23553,LANDMARK FRAME CAMDEN TOWN 
23556,LANDMARK FRAME COVENT GARDEN 
23558,LANDMARK FRAME LONDON BRIDGE 
23555,LANDMARK FRAME NOTTING HILL 
23554,LANDMARK FRAME OXFORD STREET
21376,LARGE  TALL CAMPHOR WOOD TOADSTOOL 
23092,LARGE ANTIQUE WHITE PHOTO FRAME
23018,LARGE APOTHECARY MEASURING JAR 
20678,LARGE BLACK DIAMANTE HAIRSLIDE
20795,LARGE BLUE PROVENCAL CERAMIC BALL
23024,LARGE BONNE JAM JAR  T-LIGHT HOLDER
22061,LARGE CAKE STAND  HANGING STRAWBERY
21109,LARGE CAKE TOWEL CHOCOLATE SPOTS
21110,LARGE CAKE TOWEL PINK SPOTS
21375,LARGE CAMPHOR WOOD FIELD MUSHROOM 
23165,LARGE CERAMIC TOP STORAGE JAR
23065,LARGE DECO JEWELLERY STAND
22195,LARGE HEART MEASURING SPOONS
16016,LARGE CHINESE STYLE SCISSOR
23133,LARGE IVORY HEART WALL ORGANISER
23457,LARGE PARLOUR FRAME
20801,LARGE PINK GLASS SUNDAE DISH
22198,LARGE POPCORN HOLDER 
22758,LARGE PURPLE BABUSHKA NOTEBOOK  
22757,LARGE RED BABUSHKA NOTEBOOK 
21749,LARGE RED RETROSPOT WINDMILL
85126,LARGE ROUND CUTGLASS CANDLESTICK
21742,LARGE ROUND WICKER PLATTER 
21750,LARGE SKULL WINDMILL
21289,LARGE STRIPES CHOCOLATE GIFT BAG
23322,LARGE WHITE HEART OF WICKER
21191,LARGE WHITE HONEYCOMB PAPER BELL  
22756,LARGE YELLOW BABUSHKA NOTEBOOK 
72812,LARGE ZINC GLASS CANDLEHOLDER
23134,LARGE ZINC HEART WALL ORGANISER
90021,LASER CUT MULTI STRAND NECKLACE
82551,LAUNDRY 15C METAL SIGN
23216,LAUREL HEART ANTIQUE GOLD
23217,LAUREL HEART ANTIQUE SILVER
23218,LAUREL STAR ANTIQUE GOLD
23219,LAUREL STAR ANTIQUE SILVER 
21114,LAVENDER SCENTED FABRIC HEART
23418,LAVENDER TOILETTE BOTTLE
90154,LAZER CUT NECKLACE W PASTEL BEADS
23094,LE GRAND TRAY CHIC SET
23196,LEAVES MAGNETIC  SHOPPING LIST
23109,LED TEA LIGHTS
21576,LETS GO SHOPPING COTTON TOTE BAG
23403,LETTER HOLDER HOME SWEET HOME
16216,LETTER SHAPE PENCIL SHARPENER
47016,LIGHT DECORATION BATTERY OPERATED
22780,LIGHT GARLAND BUTTERFILES PINK
79336,LIGHT PINK FLOCK GLASS CANDLEHOLDER
90132,LIGHT TOPAZ TEAL/AQUA COL NECKLACE
21757,LIGHTHOUSE PRINTED METAL SIGN
21851,LILAC DIAMANTE PEN IN GIFT BOX
22420,LIPSTICK PEN BABY PINK
22421,LIPSTICK PEN FUSCHIA
22419,LIPSTICK PEN RED
20697,LITTLE GREEN MONSTER SOFT TOY
20698,LITTLE PINK MONSTER SOFT TOY
22190,LOCAL CAFE MUG
21579,LOLITA  DESIGN  COTTON TOTE BAG
22970,LONDON BUS COFFEE MUG
90148,LONG SILVER NECKLACE PASTEL FLOWER
22578,lost
21755,LOVE BUILDING BLOCK WORD
22341,LOVE GARLAND PAINTED ZINC 
22862,LOVE HEART NAPKIN BOX 
70006,LOVE HEART POCKET WARMER
22136,LOVE HEART SOCK HANGER
22066,LOVE HEART TRINKET POT
23356,LOVE HOT WATER BOTTLE
21361,LOVE LARGE WOOD LETTERS 
22826,LOVE SEAT ANTIQUE WHITE METAL
21719,LOVELY BONBON STICKER SHEET
20727,LUNCH BAG  BLACK SKULL.
23207,LUNCH BAG ALPHABET DESIGN
23206,LUNCH BAG APPLE DESIGN
20728,LUNCH BAG CARS BLUE
23209,LUNCH BAG DOILEY PATTERN 
22662,LUNCH BAG DOLLY GIRL DESIGN
23583,LUNCH BAG PAISLEY PARK  
22384,LUNCH BAG PINK POLKADOT
20725,LUNCH BAG RED RETROSPOT
23681,LUNCH BAG RED VINTAGE DOILY
22382,LUNCH BAG SPACEBOY DESIGN 
22383,LUNCH BAG SUKI  DESIGN 
23208,LUNCH BAG VINTAGE LEAF DESIGN
20726,LUNCH BAG WOODLAND
22659,LUNCH BOX I LOVE LONDON
22353,LUNCH BOX WITH CUTLERY FAIRY CAKES 
22352,LUNCH BOX WITH CUTLERY RETROSPOT 
44265,M/COLOUR POM-POM CURTAIN
21635,MADRAS NOTEBOOK LARGE 
78124,MAGAZINE RACK GEBRA ASSORTED 
22535,MAGIC DRAWING SLATE BUNNIES 
22531,MAGIC DRAWING SLATE CIRCUS PARADE  
22537,MAGIC DRAWING SLATE DINOSAUR
22530,MAGIC DRAWING SLATE DOLLY GIRL 
22529,MAGIC DRAWING SLATE GO TO THE FAIR 
22532,MAGIC DRAWING SLATE LEAP FROG 
22536,MAGIC DRAWING SLATE PURDEY
22534,MAGIC DRAWING SLATE SPACEBOY 
84012,MAGIC SHEEP WOOL GROWING FROM PAPER
84006,MAGIC TREE -PAPER FLOWERS
22400,MAGNETS PACK OF 4 HOME SWEET HOME
22399,MAGNETS PACK OF 4 CHILDHOOD MEMORY
22396,MAGNETS PACK OF 4 RETRO PHOTO
22398,MAGNETS PACK OF 4 SWALLOWS
22402,MAGNETS PACK OF 4 VINTAGE COLLAGE
22403,MAGNETS PACK OF 4 VINTAGE LABELS 
22743,MAKE YOUR OWN FLOWERPOWER CARD KIT
22744,MAKE YOUR OWN MONSOON CARD KIT
22742,MAKE YOUR OWN PLAYTIME CARD KIT
21903,MAN FLU METAL SIGN
22453,MEASURING TAPE BABUSHKA BLUE
22452,MEASURING TAPE BABUSHKA PINK
22454,MEASURING TAPE BABUSHKA RED
21686,MEDINA STAMPED METAL STOOL
23166,MEDIUM CERAMIC TOP STORAGE JAR
16015,MEDIUM CHINESE STYLE SCISSOR
21683,MEDIUM MEDINA STAMPED METAL BOWL 
23456,MEDIUM PARLOUR FRAME 
22505,MEMO BOARD COTTAGE DESIGN
22507,MEMO BOARD RETROSPOT  DESIGN
22173,METAL 4 HOOK HANGER FRENCH CHATEAU
71215,METAL BASE FOR CANDLES
22948,METAL DECORATION NAUGHTY CHILDREN 
22575,METAL MERRY CHRISTMAS WREATH
84452,METAL RABBIT LADDER EASTER 
23426,METAL SIGN DROP YOUR PANTS
22115,METAL SIGN EMPIRE TEA
22116,METAL SIGN HIS DINNER IS SERVED
22412,METAL SIGN NEIGHBOURHOOD WITCH 
22413,METAL SIGN TAKE IT OR LEAVE IT 
75131,METAL TUBE CHIME ON BAMBOO
90119,METALIC LEAVES BAG CHARMS
20681,MIA
21657,MILK BOTTLE WITH GLASS STOPPER 
23661,MILK MAIDS MUG 
22204,MILK PAN BLUE POLKADOT
22202,MILK PAN PINK POLKADOT
22203,MILK PAN RED RETROSPOT
85213,MINI  ZINC GARDEN DECORATIONS 
22055,MINI CAKE STAND  HANGING STRAWBERY
22893,MINI CAKE STAND T-LIGHT HOLDER
37446,MINI CAKE STAND WITH HANGING CAKES
10125,MINI FUNKY DESIGN TAPES
16033,MINI HIGHLIGHTER PENS
22543,MINI JIGSAW BAKE A CAKE 
22545,MINI JIGSAW BUNNIES
22540,MINI JIGSAW CIRCUS PARADE 
22547,MINI JIGSAW DINOSAUR 
22539,MINI JIGSAW DOLLY GIRL
22538,MINI JIGSAW GO TO THE FAIR
22541,MINI JIGSAW LEAP FROG
22546,MINI JIGSAW PURDEY
22544,MINI JIGSAW SPACEBOY
23480,MINI LIGHTS WOODLAND MUSHROOMS
22492,MINI PAINT SET VINTAGE 
85212,MINI PAINTED GARDEN DECORATION 
23507,MINI PLAYING CARDS BUFFALO BILL 
23508,MINI PLAYING CARDS DOLLY GIRL 
23509,MINI PLAYING CARDS FUN FAIR 
23510,MINI PLAYING CARDS GYMKHANA
23506,MINI PLAYING CARDS SPACEBOY 
21381,MINI WOODEN HAPPY BIRTHDAY GARLAND
23148,MINIATURE ANTIQUE ROSE HOOK IVORY
23342,MINT DINER CLOCK
22627,MINT KITCHEN SCALES
22770,MIRROR CORNICE
22104,MIRROR MOSAIC CANDLE PLATE
22105,MIRROR MOSAIC GOBLET CANDLE HOLDER
22106,MIRROR MOSAIC HURRICANE LAMP 
22102,MIRROR MOSAIC T-LIGHT HOLDER 
22103,MIRROR MOSAIC T-LIGHT HOLDER ROUND
22101,MIRROR MOSAIC VOTIVE HOLDER
21463,MIRRORED DISCO BALL 
21293,MIRRORED DOVE WALL DECORATION
21370,MIRRORED WALL ART FOXY
21367,MIRRORED WALL ART GENTS
21368,MIRRORED WALL ART LADIES
21366,MIRRORED WALL ART PHOTO FRAMES
21371,MIRRORED WALL ART POPPIES
21374,MIRRORED WALL ART SKULLS
21373,MIRRORED WALL ART SNOWFLAKES
21369,MIRRORED WALL ART SPLODGES
21365,MIRRORED WALL ART STARS
21372,MIRRORED WALL ART TABLE LAMP
23130,MISELTOE HEART WREATH 
21890,missing
23090,missing
85078,missing
21688,mixed up
21693,mixed up
22325,MOBILE VINTAGE HEARTS 
21698,MOCK LOBSTER FRIDGE MAGNET
21990,MODERN FLORAL STATIONERY SET
21040,MODERN VINTAGE COTTON SHOPPING BAG
22409,MONEY BOX BISCUITS DESIGN
22408,MONEY BOX CONFECTIONERY DESIGN
22407,MONEY BOX FIRST ADE DESIGN
22410,MONEY BOX HOUSEKEEPING DESIGN
22406,MONEY BOX KINGS CHOICE DESIGN
22405,MONEY BOX POCKET MONEY DESIGN
22562,MONSTERS STENCIL CRAFT
90076,MONTANA DIAMOND CLUSTER EARRINGS
90075,MONTANA DIAMOND CLUSTER NECKLACE
21158,MOODY GIRL DOOR HANGER 
21905,MORE BUTTER METAL SIGN 
21344,MOROCCAN BEATEN METAL DISH
21331,MOROCCAN BEATEN METAL DISH LARGE
21332,MOROCCAN BEATEN METAL MIRROR
79000,MOROCCAN TEA GLASS
23183,MOTHER'S KITCHEN SPOON REST 
22093,MOTORING TISSUE BOX
84580,MOUSE TOY WITH PINK T-SHIRT
20699,MOUSEY LONG LEGS SOFT TOY
20704,MR ROBOT SOFT TOY
20705,MRS ROBOT SOFT TOY
22206,MUG  DOTCOMGIFTSHOP.COM 
84945,MULTI COLOUR SILVER T-LIGHT HOLDER
21726,MULTI HEARTS  STICKERS
21197,MULTICOLOUR  CONFETTI IN TUBE
21205,MULTICOLOUR 3D BALLS GARLAND
21209,MULTICOLOUR HONEYCOMB FAN
21200,MULTICOLOUR HONEYCOMB PAPER GARLAND
37471,MULTICOLOUR POLKADOT PLATE
37340,MULTICOLOUR SPRING FLOWER MUG
21839,MUMMY MOUSE RED GINGHAM RIBBON
23180,MUM'S KITCHEN CLOCK
17021,NAMASTE SWAGAT INCENSE
23431,NATURAL HANGING QUILTED HEARTS 
22457,NATURAL SLATE HEART CHALKBOARD 
22456,NATURAL SLATE CHALKBOARD LARGE 
22488,NATURAL SLATE RECTANGLE CHALKBOARD
90098,NECKLACE+BRACELET PINK BUTTERFLY
90096,NECKLACE+BRACELET SET BLUE BLOSSOM
90099,NECKLACE+BRACELET SET BLUE HIBISCUS
90094,NECKLACE+BRACELET SET FRUIT SALAD 
90100,NECKLACE+BRACELET SET PINK DAISY
84617,NEW BAROQUE BLACK BOXES
84600,NEW BAROQUE JEWELLERY BOX 
90028,NEW BAROQUE LARGE NECKLACE BLK/WHIT
90029,NEW BAROQUE SMALL NECKLACE BLACK
37509,NEW ENGLAND MUG W GIFT BOX
22765,NEWSPAPER STAND
23444,Next Day Carriage
21028,NINJA RABBIT BLACK
21027,NINJA RABBIT PINK
22340,NOEL GARLAND PAINTED ZINC 
22796,Not rcvd in 10/11/2010 delivery
22890,NOVELTY BISCUITS CAKE STAND 3 TIER
22868,NUMBER TILE COTTAGE GARDEN 0 
22869,NUMBER TILE COTTAGE GARDEN 1
22870,NUMBER TILE COTTAGE GARDEN 2
22871,NUMBER TILE COTTAGE GARDEN 3 
22872,NUMBER TILE COTTAGE GARDEN 4
22873,NUMBER TILE COTTAGE GARDEN 5
22874,NUMBER TILE COTTAGE GARDEN 6
22875,NUMBER TILE COTTAGE GARDEN 7
22876,NUMBER TILE COTTAGE GARDEN 8
22877,NUMBER TILE COTTAGE GARDEN 9
22878,NUMBER TILE COTTAGE GARDEN No
22879,NUMBER TILE VINTAGE FONT 0
22880,NUMBER TILE VINTAGE FONT 1
22881,NUMBER TILE VINTAGE FONT 2
22882,NUMBER TILE VINTAGE FONT 3
22883,NUMBER TILE VINTAGE FONT 4
22884,NUMBER TILE VINTAGE FONT 5
22885,NUMBER TILE VINTAGE FONT 6 
22886,NUMBER TILE VINTAGE FONT 7
22887,NUMBER TILE VINTAGE FONT 8
22888,NUMBER TILE VINTAGE FONT 9 
22889,NUMBER TILE VINTAGE FONT No 
21462,NURSERY ABC PAINTED LETTERS
21054,NURSE'S BAG SOFT TOY
22311,OFFICE MUG WARMER BLACK+SILVER 
22314,OFFICE MUG WARMER CHOC+BLUE
22313,OFFICE MUG WARMER PINK
22312,OFFICE MUG WARMER POLKADOT
82605,OLD DOC RUSSEL METAL SIGN
90134,OLD ROSE COMBO BEAD NECKLACE
21770,OPEN CLOSED METAL SIGN
20871,OPULENT VELVET SET/3 CANDLES
37351,ORANGE FLOWER MUG 
90135,ORANGE/WHT/FUSCHIA STONES NECKLACE
22168,ORGANISER WOOD ANTIQUE WHITE 
23453,OVAL  MINI PORTRAIT FRAME
22897,OVEN MITT APPLES DESIGN
22278,OVERNIGHT BAG VINTAGE ROSE PAISLEY
21116,OWL DOORSTOP
21420,OYSTER TRINKET BOX
84691,PACK 20 DOLLY PEGS
22813,PACK 3 BOXES BIRD PANETTONE 
23378,PACK OF 12 50'S CHRISTMAS TISSUES
21983,PACK OF 12 BLUE PAISLEY TISSUES 
22615,PACK OF 12 CIRCUS PARADE TISSUES 
22491,PACK OF 12 COLOURED PENCILS
23380,PACK OF 12 DOILEY TISSUES
23377,PACK OF 12 DOLLY GIRL TISSUES
21985,PACK OF 12 HEARTS DESIGN TISSUES 
22616,PACK OF 12 LONDON TISSUES 
23551,PACK OF 12 PAISLEY PARK TISSUES 
21984,PACK OF 12 PINK PAISLEY TISSUES 
21986,PACK OF 12 PINK POLKADOT TISSUES
23379,PACK OF 12 RED APPLE TISSUES
21980,PACK OF 12 RED RETROSPOT TISSUES 
21967,PACK OF 12 SKULL TISSUES
22614,PACK OF 12 SPACEBOY TISSUES
21383,PACK OF 12 STICKY BUNNIES
21982,PACK OF 12 SUKI TISSUES 
22489,PACK OF 12 TRADITIONAL CRAYONS
23376,PACK OF 12 VINTAGE CHRISTMAS TISSUE
23381,PACK OF 12 VINTAGE LEAF TISSUES 
21981,PACK OF 12 WOODLAND TISSUES 
22907,PACK OF 20 NAPKINS PANTRY DESIGN
22908,PACK OF 20 NAPKINS RED APPLES
21989,PACK OF 20 SKULL PAPER NAPKINS
22613,PACK OF 20 SPACEBOY NAPKINS
22585,PACK OF 6 BIRDY GIFT TAGS
23121,PACK OF 6 COCKTAIL PARASOL STRAWS
22583,PACK OF 6 HANDBAG GIFT BOXES
23119,PACK OF 6 LARGE FRUIT STRAWS 
22584,PACK OF 6 PANETTONE GIFT BOXES
21878,PACK OF 6 SANDCASTLE FLAGS ASSORTED
21987,PACK OF 6 SKULL PAPER CUPS
21988,PACK OF 6 SKULL PAPER PLATES
23120,PACK OF 6 SMALL FRUIT STRAWS
22582,PACK OF 6 SWEETIE GIFT BOXES
21975,PACK OF 60 DINOSAUR CAKE CASES
21976,PACK OF 60 MUSHROOM CAKE CASES
21977,PACK OF 60 PINK PAISLEY CAKE CASES
22417,PACK OF 60 SPACEBOY CAKE CASES
21212,PACK OF 72 RETROSPOT CAKE CASES
21213,PACK OF 72 SKULL CAKE CASES
23574,PACKING CHARGE
22493,PAINT YOUR OWN CANVAS SET
23440,PAINT YOUR OWN EGGS IN CRATE
21136,PAINTED METAL PEARS ASSORTED
21454,PAINTED PINK RABBIT 
75172,PAINTED SEA SHELL METAL WINDCHIME
21455,PAINTED YELLOW WOODEN DAISY
90173,PAIR BUTTERFLY HAIR CLIPS
90204,PAIR OF ENAMEL BUTTERFLY HAIRCLIP
90208,PAIR OF PINK FLOWER CLUSTER SLIDE
23694,PAISLEY PARK CARD
21678,PAISLEY PATTERN  STICKERS
90136,PALE PINK/AMETHYST STONE NECKLACE
21724,PANDA AND BUNNIES STICKER SHEET
23423,PANTRY 3 HOOK ROLLING PIN HANGER
22981,PANTRY APPLE CORER
23422,PANTRY HOOK BALLOON WHISK 
23421,PANTRY HOOK SPATULA
23420,PANTRY HOOK TEA STRAINER 
23496,PANTRY KITCHEN THERMOMETER 
23198,PANTRY MAGNETIC  SHOPPING LIST
22982,PANTRY PASTRY BRUSH
22978,PANTRY ROLLING PIN
22980,PANTRY SCRUBBING BRUSH
22979,PANTRY WASHING UP BRUSH
22088,PAPER BUNTING COLOURED LACE
23597,PAPER BUNTING PAISLEY PARK
22090,PAPER BUNTING RETROSPOT
22089,PAPER BUNTING VINTAGE PAISLEY
23598,PAPER BUNTING VINTAGE PARTY
23843,PAPER CRAFT  LITTLE BIRDIE
22086,PAPER CHAIN KIT 50'S CHRISTMAS 
22084,PAPER CHAIN KIT EMPIRE
22911,PAPER CHAIN KIT LONDON
22083,PAPER CHAIN KIT RETROSPOT
22085,PAPER CHAIN KIT SKULLS 
22910,PAPER CHAIN KIT VINTAGE CHRISTMAS
23047,PAPER LANTERN 5 POINT SEQUIN STAR
23045,PAPER LANTERN 5 POINT STAR MOON 
23041,PAPER LANTERN 6 POINT SNOW STAR
23042,PAPER LANTERN 7 POINT SNOW STAR
23046,PAPER LANTERN 9 POINT DELUXE STAR
23044,PAPER LANTERN 9 POINT HOLLY STAR 23
23043,PAPER LANTERN 9 POINT HOLLY STAR 40
23040,PAPER LANTERN 9 POINT SNOW STAR
15034,PAPER POCKET TRAVELING FAN 
22391,PAPERWEIGHT HOME SWEET HOME
22390,PAPERWEIGHT CHILDHOOD MEMORIES
22394,PAPERWEIGHT KINGS CHOICE 
22389,PAPERWEIGHT SAVE THE PLANET
22393,PAPERWEIGHT VINTAGE COLLAGE
22395,PAPERWEIGHT VINTAGE PAISLEY
23112,PARISIENNE CURIO CABINET
23110,PARISIENNE KEY CABINET 
23111,PARISIENNE SEWING BOX
47566,PARTY BUNTING
22130,PARTY CONE CHRISTMAS DECORATION 
22128,PARTY CONES CANDY ASSORTED
22129,PARTY CONES CANDY DECORATION
20716,PARTY FOOD SHOPPER BAG
23122,PARTY CHARMS 50 PIECES
21060,PARTY INVITES BALLOON GIRL
21059,PARTY INVITES DINOSAURS
21061,PARTY INVITES FOOTBALL
21063,PARTY INVITES JAZZ HEARTS
21062,PARTY INVITES SPACEMAN
21058,PARTY INVITES WOODLAND
21172,PARTY METAL SIGN 
22345,PARTY PIZZA DISH BLUE POLKADOT
22346,PARTY PIZZA DISH GREEN POLKADOT
22344,PARTY PIZZA DISH PINK POLKADOT
22343,PARTY PIZZA DISH RED RETROSPOT
21946,PARTY TIME DESIGN FLANNEL
16238,PARTY TIME PENCIL ERASERS
21208,PASTEL COLOUR HONEYCOMB FAN
21364,PEACE SMALL WOOD LETTERS
22119,PEACE WOODEN BLOCK LETTERS
90041,PEARL AND CHERRY QUARTZ BRACLET
85062,PEARL CRYSTAL PUMPKIN T-LIGHT HLDR
23482,PEARLISED IVORY HEART LARGE 
23481,PEARLISED IVORY HEART SMALL 
22896,PEG BAG APPLE DESIGN
22445,PENCIL CASE LIFE IS BEAUTIFUL
22028,PENNY FARTHING BIRTHDAY CARD
22608,PENS ASSORTED FUNKY JEWELED 
22610,PENS ASSORTED FUNNY FACE
22609,PENS ASSORTED SPACEBALL
21413,PERIWINKLE T-LIGHT HOLDER
23096,PETIT TRAY CHIC
21906,PHARMACIE FIRST AID TIN
71270,PHOTO CLIP LINE
22174,PHOTO CUBE
22766,PHOTO FRAME CORNICE
23409,PHOTO FRAME LINEN AND LACE LARGE
23408,PHOTO FRAME LINEN AND LACE SMALL
22502,PICNIC BASKET WICKER 60 PIECES
22628,PICNIC BOXES SET OF 3 RETROSPOT 
22549,PICTURE DOMINOES
22170,PICTURE FRAME WOOD TRIPLE PORTRAIT
16259,PIECE OF CAMO STATIONERY SET
22299,PIG KEYRING WITH LIGHT & SOUND 
37467,PIG MUG IN TWO COLOUR DESIGNS
22447,PIN CUSHION BABUSHKA BLUE
22446,PIN CUSHION BABUSHKA PINK
22448,PIN CUSHION BABUSHKA RED
22123,PING MICROWAVE APRON
22108,PING! MICROWAVE PLATE
21199,PINK  HEART CONFETTI IN TUBE
21564,PINK  HEART SHAPE LOVE BUCKET 
21195,PINK  HONEYCOMB PAPER BALL 
21194,PINK  HONEYCOMB PAPER FAN
21239,PINK  POLKADOT CUP
21243,PINK  POLKADOT PLATE 
90166,PINK & WHITE ROSEBUD RING
22668,PINK BABY BUNTING
84906,PINK B'FLY C/COVER W BOBBLES
20971,PINK BLUE FELT CRAFT TRINKET BOX
85109,PINK BOUDOIR T-LIGHT HOLDER
23447,PINK BUNNY EASTER EGG BASKET
84905,PINK BUTTERFLY CUSHION COVER 
84923,PINK BUTTERFLY HANDBAG W BOBBLES
84922,PINK BUTTERFLY WASHBAG
22703,PINK CAT BOWL
20701,PINK CAT FLORAL CUSHION COVER 
90137,PINK COMBO MINI CRYSTALS NECKLACE
20972,PINK CREAM FELT CRAFT TRINKET BOX 
90084,PINK CRYSTAL GUITAR PHONE CHARM
90089,PINK CRYSTAL SKULL PHONE CHARM
90118,PINK DAISY BAG CHARM
21846,PINK DIAMANTE PEN IN GIFT BOX
23341,PINK DINER WALL CLOCK
22701,PINK DOG BOWL
90112,PINK DOLLY HAIR CLIPS
22064,PINK DOUGHNUT TRINKET POT 
22772,PINK DRAWER KNOB ACRYLIC EDWARDIAN
84746,PINK EASTER HENS+FLOWER
79329,PINK FLOCK GLASS CANDLEHOLDER
79331,PINK FLOCK GLASS CANDLEHOLDER
20970,PINK FLORAL FELTCRAFT SHOULDER BAG
21465,PINK FLOWER CROCHET FOOD COVER
84920,PINK FLOWER FABRIC PONY
21265,PINK GOOSE FEATHER TREE 60CM
21486,PINK HEART DOTS HOT WATER BOTTLE
21190,PINK HEARTS PAPER GARLAND
35914,PINK CHICK EGG WARMER + EGG CUP
22133,PINK LOVE HEART SHAPE CUP
82615,PINK MARSHMALLOW SCARF KNITTING KIT
22175,PINK OWL SOFT TOY
20702,PINK PADDED MOBILE
22050,PINK PAISLEY ROSE GIFT WRAP
22096,PINK PAISLEY SQUARE TISSUE BOX 
84522,PINK PARTY SUNGLASSES
20677,PINK POLKADOT BOWL
22323,PINK POLKADOT KIDS BAG
21500,PINK POLKADOT WRAP 
21144,PINK POODLE HANGING DECORATION 
20932,PINK POT PLANT CANDLE
22698,PINK REGENCY TEACUP AND SAUCER
21348,PINK SPOTS CHOCOLATE NESTING BOXES 
35933,PINK STOCKING CHRISTMAS DECORATION
90140,PINK SWEETIE NECKLACE
21867,PINK UNION JACK  LUGGAGE TAG
21865,PINK UNION JACK  PASSPORT COVER 
21933,PINK VINTAGE PAISLEY PICNIC BAG
23285,PINK VINTAGE SPOT BEAKER
84907,PINK YELLOW PATCH CUSHION COVER
90131,PINK/AMETHYST/GOLD NECKLACE
44236,PINK/PURPLE CIRCLE CURTAIN
71403,"PINK/WHITE ""KEEP CLEAN"" BULLET BIN"
90078,PINK/WHITE GLASS DEMI CHOKER
22107,PIZZA PLATE IN BOX
22151,PLACE SETTING WHITE HEART
22486,PLASMATRONIC LAMP
22556,PLASTERS IN TIN CIRCUS PARADE 
22553,PLASTERS IN TIN SKULLS
22551,PLASTERS IN TIN SPACEBOY
22555,PLASTERS IN TIN STRONGMAN
22557,PLASTERS IN TIN VINTAGE PAISLEY 
22554,PLASTERS IN TIN WOODLAND ANIMALS
23505,PLAYING CARDS I LOVE LONDON 
23504,PLAYING CARDS JUBILEE UNION JACK
23503,PLAYING CARDS KEEP CALM & CARRY ON
23502,PLAYING CARDS VINTAGE DOILEY 
22279,POCKET BAG BLUE PAISLEY RED SPOT
22280,POCKET BAG PINK PAISELY BROWN SPOT
21228,"POCKET MIRROR ""GLAMOROUS"""
21226,POCKET MIRROR WOODLAND
21469,POLKA DOT RAFFIA FOOD COVER
37342,POLKADOT COFFEE CUP & SAUCER PINK
20964,POLYESTER FILLER PAD 60x40cm
84356,POMPOM CURTAIN
16043,POP ART PUSH DOWN RUBBER 
16054,POPART RECT PENCIL SHARPENER ASST
22197,POPCORN HOLDER
22747,POPPY'S PLAYHOUSE BATHROOM
22745,POPPY'S PLAYHOUSE BEDROOM 
22748,POPPY'S PLAYHOUSE KITCHEN
22746,POPPY'S PLAYHOUSE LIVINGROOM 
17038,PORCELAIN BUDAH INCENSE HOLDER
20957,PORCELAIN HANGING BELL SMALL
21422,PORCELAIN ROSE SMALL
23394,POSTE FRANCE CUSHION COVER
20731,POSY CANDY BAG
21876,POTTERING MUG
21897,POTTING SHED CANDLE CITRONELLA
21898,POTTING SHED ROSE CANDLE
21894,POTTING SHED SEED ENVELOPES
21895,POTTING SHED SOW 'N' GROW SET
21896,POTTING SHED TWINE
23432,PRETTY HANGING QUILTED HEARTS
23003,Printing smudges/thrown away
23005,printing smudges/thrown away
22775,PURPLE DRAWERKNOB ACRYLIC EDWARDIAN
90104,PURPLE FRANGIPANI HAIRCLIP
90103,PURPLE FRANGIPANI NECKLACE
20655,QUEEN OF SKIES LUGGAGE TAG
20663,QUEEN OF THE SKIES HOLIDAY PURSE 
20618,QUEEN OF THE SKIES PASSPORT COVER 
22971,QUEENS GUARD COFFEE MUG
21580,RABBIT  DESIGN  COTTON TOTE BAG
21785,RAIN PONCHO 
21787,RAIN PONCHO RETROSPOT
47471,RAINBOW PEGS PHOTO CLIP STRING
22024,RAINY LADIES BIRTHDAY CARD
35443,RASTA IN BATH W SPLIFF ASHTRAY
16225,RATTLE SNAKE EGGS
22665,RECIPE BOX BLUE SKETCHBOOK DESIGN
22666,RECIPE BOX PANTRY YELLOW DESIGN
21777,RECIPE BOX WITH METAL HEART
22041,"RECORD FRAME 7"" SINGLE SIZE "
84976,RECTANGULAR SHAPED MIRROR
23051,RECYCLED ACAPULCO MAT BLUE
23050,RECYCLED ACAPULCO MAT GREEN
23054,RECYCLED ACAPULCO MAT LAVENDER
23053,RECYCLED ACAPULCO MAT PINK
23049,RECYCLED ACAPULCO MAT RED
23052,RECYCLED ACAPULCO MAT TURQUOISE
16235,RECYCLED PENCIL WITH RABBIT ERASER
22379,RECYCLING BAG RETROSPOT 
21402,RED  EGG  SPOON
22669,RED BABY BUNTING 
22913,RED COAT RACK PARIS FASHION
20757,RED DAISY POCKET BOOK 
22193,RED DINER WALL CLOCK
22774,RED DRAWER KNOB ACRYLIC EDWARDIAN
20969,RED FLORAL FELTCRAFT SHOULDER BAG
21466,RED FLOWER CROCHET FOOD COVER
21429,RED GINGHAM ROSE JEWELLERY BOX
22483,RED GINGHAM TEDDY BEAR 
21733,RED HANGING HEART T-LIGHT HOLDER
20669,RED HEART LUGGAGE TAG
21563,RED HEART SHAPE LOVE BUCKET 
22625,RED KITCHEN SCALES
22132,RED LOVE HEART SHAPE CUP
21718,RED METAL BEACH SPADE 
23080,RED METAL BOX TOP SECRET
21392,RED POLKADOT PUDDING BOWL
21400,RED PUDDING SPOON
23316,RED REFECTORY CLOCK 
23429,RED RETRO KITCHEN WALL CLOCK
21042,RED RETROSPOT APRON 
20676,RED RETROSPOT BOWL
21843,RED RETROSPOT CAKE STAND
21238,RED RETROSPOT CUP
20724,RED RETROSPOT CHARLOTTE BAG
20682,RED RETROSPOT CHILDRENS UMBRELLA
20658,RED RETROSPOT LUGGAGE TAG
20750,RED RETROSPOT MINI CASES
21844,RED RETROSPOT MUG
21154,RED RETROSPOT OVEN GLOVE 
21041,RED RETROSPOT OVEN GLOVE DOUBLE
21155,RED RETROSPOT PEG BAG
21936,RED RETROSPOT PICNIC BAG
21242,RED RETROSPOT PLATE 
21217,RED RETROSPOT ROUND CAKE TINS
20718,RED RETROSPOT SHOPPER BAG
21039,RED RETROSPOT SHOPPING BAG
21535,RED RETROSPOT SMALL MILK JUG
22073,RED RETROSPOT STORAGE JAR
21531,RED RETROSPOT SUGAR JAM BOWL
21880,RED RETROSPOT TAPE
22072,RED RETROSPOT TEA CUP AND SAUCER 
22094,RED RETROSPOT TISSUE BOX
21157,RED RETROSPOT WASHBAG
21498,RED RETROSPOT WRAP 
23211,RED ROCKING HORSE HAND PAINTED
84773,RED ROSE AND LACE C/COVER
21671,RED SPOT CERAMIC DRAWER KNOB
23374,RED SPOT PAPER GIFT BAG
21218,RED SPOTTY BISCUIT TIN
22186,RED STAR CARD HOLDER
21668,RED STRIPE CERAMIC DRAWER KNOB
22480,RED TEA TOWEL CLASSIC DESIGN
21731,RED TOADSTOOL LED NIGHT LIGHT
23287,RED VINTAGE SPOT BEAKER
21488,RED WHITE SCARF  HOT WATER BOTTLE
21926,RED/CREAM STRIPE CUSHION COVER 
23161,REGENCY CAKE FORK
23164,REGENCY CAKE SLICE
23175,REGENCY MILK JUG PINK 
22828,REGENCY MIRROR WITH SHUTTERS
23174,REGENCY SUGAR BOWL GREEN
23163,REGENCY SUGAR TONGS
23171,REGENCY TEA PLATE GREEN 
23172,REGENCY TEA PLATE PINK
23170,REGENCY TEA PLATE ROSES 
23160,REGENCY TEA SPOON
23162,REGENCY TEA STRAINER
23173,REGENCY TEAPOT ROSES 
23220,REINDEER HEART DECORATION GOLD
23221,REINDEER HEART DECORATION SILVER
21359,RELAX LARGE WOOD LETTERS
90156,RESIN BRACELET W PASTEL BEADS
90155,RESIN NECKLACE W PASTEL BEADS
37333,"RETRO ""TEA FOR ONE"" "
22511,RETROSPOT BABUSHKA DOORSTOP
21286,RETROSPOT CANDLE  LARGE
21285,RETROSPOT CANDLE  MEDIUM
21284,RETROSPOT CANDLE  SMALL
21592,RETROSPOT CIGAR BOX MATCHES 
21588,RETROSPOT GIANT TUBE MATCHES
21485,RETROSPOT HEART HOT WATER BOTTLE
21156,RETROSPOT CHILDRENS APRON
22180,RETROSPOT LAMP
21533,RETROSPOT LARGE MILK JUG
22354,RETROSPOT PADDED SEAT CUSHION
22333,RETROSPOT PARTY BAG + STICKER SET
21584,RETROSPOT SMALL TUBE MATCHES
22992,REVOLVER WOODEN RULER 
21034,REX CASH+CARRY JUMBO SHOPPER
22081,RIBBON REEL FLORA + FAUNA 
22079,RIBBON REEL HEARTS DESIGN 
22737,RIBBON REEL CHRISTMAS PRESENT 
22739,RIBBON REEL CHRISTMAS SOCK BAUBLE
22078,RIBBON REEL LACE DESIGN 
22736,RIBBON REEL MAKING SNOWMEN 
22080,RIBBON REEL POLKADOTS 
22738,RIBBON REEL SNOWY VILLAGE
22735,RIBBON REEL SOCKS AND MITTENS
22082,RIBBON REEL STRIPES DESIGN 
23023,RIDGED BONNE JAM JAR T-LIGHT HOLDER
21656,RIDGED GLASS POSY VASE 
21664,RIDGED GLASS STORAGE JAR CREAM LID
21666,RIDGED GLASS T-LIGHT HOLDER
90157,RIVIERA NECKLACE
22034,ROBIN CHRISTMAS CARD
22037,ROBOT BIRTHDAY CARD
37464,ROBOT MUG IN DISPLAY BOX
22571,ROCKING HORSE RED CHRISTMAS 
23351,ROLL WRAP 50'S CHRISTMAS
23352,ROLL WRAP 50'S RED CHRISTMAS 
23349,ROLL WRAP VINTAGE CHRISTMAS
23350,ROLL WRAP VINTAGE SPOT 
21115,ROSE CARAVAN DOORSTOP
22968,ROSE COTTAGE KEEPSAKE BOX 
21000,ROSE DU SUD COSMETICS BAG
21003,ROSE DU SUD CUSHION COVER
20997,ROSE DU SUD CUSHION COVER 
21002,ROSE DU SUD DRAWSTRING BAG
20998,ROSE DU SUD OVEN GLOVE
21001,ROSE DU SUD WASHBAG 
35971,ROSE FOLKART HEART DECORATIONS
22699,ROSES REGENCY TEACUP AND SAUCER 
21494,ROTATING LEAVES T-LIGHT HOLDER
84347,ROTATING SILVER ANGELS T-LIGHT HLDR
20935,ROUND CACTUS CANDLE
22841,ROUND CAKE TIN VINTAGE GREEN
22840,ROUND CAKE TIN VINTAGE RED
22329,ROUND CONTAINER SET OF 5 RETROSPOT
85020,ROUND PINK HEART MIRROR
22328,ROUND SNACK BOXES SET OF 4 FRUITS 
22327,ROUND SNACK BOXES SET OF 4 SKULLS
22326,ROUND SNACK BOXES SET OF4 WOODLAND 
21196,ROUND WHITE CONFETTI IN TUBE
90072,RUBY DROP CHANDELIER EARRINGS
90070,RUBY GLASS CLUSTER BRACELET
90071,RUBY GLASS CLUSTER EARRINGS
90069,RUBY GLASS CLUSTER NECKLACE
90068,"RUBY GLASS NECKLACE 42"""
22827,RUSTIC  SEVENTEEN DRAWER SIDEBOARD
23401,RUSTIC MIRROR WITH LACE HEART
23324,RUSTIC STRAWBERRY JAM POT LARGE 
23325,RUSTIC STRAWBERRY JAM POT SMALL
22764,RUSTIC WOODEN CABINET GLASS DOORS
85187,S/12 MINI RABBIT EASTER
21613,S/12 VANILLA  BOTANICAL T-LIGHTS
84754,S/15 SILVER GLASS BAUBLES IN BAG
84689,S/2 BEACH HUT TREASURE CHESTS
84974,S/2 ZINC HEART DESIGN PLANTERS
84306,S/3 PINK SQUARE PLANTERS ROSES
85174,S/4 CACTI CANDLES
85211,S/4 GROOVY CAT MAGNETS
84744,S/6 SEW ON CROCHET FLOWERS
23579,Sale error
15039,SANDALWOOD FAN
20966,SANDWICH BATH SPONGE
21577,SAVE THE PLANET COTTON TOTE BAG
21871,SAVE THE PLANET MUG
22461,SAVOY ART DECO CLOCK
21414,SCALLOP SHELL SOAP DISH
21932,SCANDINAVIAN PAISLEY PICNIC BAG
21287,SCENTED VELVET LOUNGE CANDLE 
22111,SCOTTIE DOG HOT WATER BOTTLE
22559,SEASIDE FLYING DISC
23652,SET 10 CARD CHRISTMAS STAMPS 16963
23623,SET 10 CARD CHRISTMAS WELCOME 17112
23603,SET 10 CARD KRAFT REINDEER 17084
23624,SET 10 CARD PERFECT NATIVITY 17089
23654,SET 10 CARD SNOWMAN 16965
23605,SET 10 CARDS 12 DAYS OF XMAS 17059
23614,SET 10 CARDS 12 DAYS WRAP  17058
23602,SET 10 CARDS 3 WISE MEN 17107
23621,SET 10 CARDS DAVID'S MADONNA 17074
23649,SET 10 CARDS DECK THE HALLS 16960
23626,SET 10 CARDS DINKY TREE 17076
23629,SET 10 CARDS DRESSING UP 17077
23650,SET 10 CARDS FILIGREE BAUBLE 16961
23630,SET 10 CARDS HANGING BAUBLES 17080
23607,SET 10 CARDS HATS & STOCKINGS 17081
23632,SET 10 CARDS CHEERFUL ROBIN 17065
23643,SET 10 CARDS CHRISTMAS BAUBLE 16954
23635,SET 10 CARDS CHRISTMAS HOLLY  17259
23610,SET 10 CARDS CHRISTMAS ROBIN 17095
23644,SET 10 CARDS CHRISTMAS TREE 16955
23646,SET 10 CARDS JINGLE BELLS 16957
23616,SET 10 CARDS JINGLE BELLS 17217
23639,SET 10 CARDS MAGICAL TREE 17086
23637,SET 10 CARDS OUT OF ORDER 17216
23620,SET 10 CARDS PERFECT POST 17090
23619,SET 10 CARDS POINSETTIA 17093
23615,SET 10 CARDS PRINTED GRAPHIC 17219
23611,SET 10 CARDS RED RIDING HOOD 17214
23638,SET 10 CARDS ROBIN WATERPUMP  17096
23608,SET 10 CARDS RUDOLPHS NOSE 17097
23640,SET 10 CARDS SCOTTIE DOG 17211
23609,SET 10 CARDS SNOWY ROBIN 17099
23601,SET 10 CARDS SNOWY SNOWDROPS  17100
23617,SET 10 CARDS SWIRLY XMAS TREE 17104
23628,SET 10 CARDS TRIANGLE ICONS  17220
23636,SET 10 CARDS WISHING TREE 17116
23633,SET 10 CARDS WORLD CHILDREN 17067
23627,SET 10 CARDS XMAS GRAPHIC  17218
23634,SET 10 CARDS XMAS CHOIR 17068
23645,SET 10 CHRISTMAS CARDS HOHOHO 16956
22179,SET 10 LIGHTS NIGHT OWL
23604,SET 10 MINI SANTA & SNOWMAN  17087
23612,SET 10 MINICARDS CUTE SNOWMAN 17071
23613,SET 10 XMAS CARDS & BADGES 17070
23366,SET 12 COLOUR PENCILS DOILEY
23368,SET 12 COLOUR PENCILS DOLLY GIRL 
23365,SET 12 COLOUR PENCILS LOVE LONDON
23367,SET 12 COLOUR PENCILS SPACEBOY 
21917,SET 12 KIDS  WHITE CHALK STICKS
21918,SET 12 KIDS COLOUR  CHALK STICKS
21609,SET 12 LAVENDER  BOTANICAL T-LIGHTS
21916,SET 12 RETRO WHITE CHALK STICKS
23499,SET 12 VINTAGE DOILY CHALK 
22989,SET 2 PANTRY DESIGN TEA TOWELS
22851,SET 20 NAPKINS FAIRY CAKES DESIGN 
22957,SET 3 PAPER VINTAGE CHICK PAPER EGG
21216,SET 3 RETROSPOT TEACOFFEESUGAR
22967,SET 3 SONG BIRD PAPER EGGS ASSORTED
22783,SET 3 WICKER OVAL BASKETS W LIDS
22782,SET 3 WICKER STORAGE BASKETS 
23370,SET 36 COLOUR PENCILS DOILEY
23372,SET 36 COLOUR PENCILS DOLLY GIRL
23369,SET 36 COLOUR PENCILS LOVE LONDON
23371,SET 36 COLOUR PENCILS SPACEBOY 
85006,SET 4 NURSERY DES ROUND BOXES
23305,SET 4 PICNIC CUTLERY BLUEBERRY
23303,SET 4 PICNIC CUTLERY FONDANT
23304,SET 4 PICNIC CUTLERY CHERRY 
23297,SET 40 HEART SHAPE PETIT FOUR CASES
23625,SET 6 CARDS SPARKLY REINDEER 17262
21125,SET 6 FOOTBALL CELEBRATION CANDLES
23082,SET 6 PAPER TABLE LANTERN HEARTS 
23083,SET 6 PAPER TABLE LANTERN STARS 
23328,SET 6 SCHOOL MILK BOTTLES IN CRATE
22752,SET 7 BABUSHKA NESTING BOXES
23360,SET 8 CANDLES VINTAGE DOILEY
23048,SET OF 10 LANTERNS FAIRY LIGHT STAR
23108,SET OF 10 LED DOLLY LIGHTS
85015,SET OF 12  VINTAGE POSTCARD SET
23293,SET OF 12 FAIRY CAKE BAKING CASES
23189,SET OF 12 FORK CANDLES
85197,SET OF 12 MINI BUNNIES IN A BUCKET
23295,SET OF 12 MINI LOAF BAKING CASES
21614,SET OF 12 ROSE BOTANICAL T-LIGHTS
23359,SET OF 12 T-LIGHTS VINTAGE DOILEY
22495,SET OF 2 ROUND TINS CAMEMBERT 
22496,SET OF 2 ROUND TINS DUTCH CHEESE
22895,SET OF 2 TEA TOWELS APPLE AND PEARS
22124,SET OF 2 TEA TOWELS PING MICROWAVE
22500,SET OF 2 TINS JARDIN DE PROVENCE
22497,SET OF 2 TINS VINTAGE BATHROOM 
23407,SET OF 2 TRAYS HOME SWEET HOME
22485,SET OF 2 WOODEN MARKET CRATES
84375,SET OF 20 KIDS COOKIE CUTTERS
22909,SET OF 20 VINTAGE CHRISTMAS NAPKINS
84380,SET OF 3 BUTTERFLY COOKIE CUTTERS
22720,SET OF 3 CAKE TINS PANTRY DESIGN 
22721,SET OF 3 CAKE TINS SKETCHBOOK
85008,SET OF 3 CONEY ISLAND OVAL BOXES
23275,SET OF 3 HANGING OWLS OLLIE BEAK
84378,SET OF 3 HEART COOKIE CUTTERS
23454,SET OF 3 MINI HANGING PORTRAITS
23495,SET OF 3 PANTRY WOODEN SPOONS
23245,SET OF 3 REGENCY CAKE TINS
23263,SET OF 3 WOODEN HEART DECORATIONS
23264,SET OF 3 WOODEN SLEIGH DECORATIONS
23266,SET OF 3 WOODEN STOCKING DECORATION
23265,SET OF 3 WOODEN TREE DECORATIONS
21972,SET OF 36 DINOSAUR PAPER DOILIES
23306,SET OF 36 DOILIES PANTRY DESIGN
22416,SET OF 36 DOILIES SPACEBOY DESIGN 
21973,SET OF 36 MUSHROOM PAPER DOILIES
21974,SET OF 36 PAISLEY FLOWER DOILIES
84987,SET OF 36 TEATIME PAPER DOILIES
84813,SET OF 4 DIAMOND NAPKIN RINGS
23154,SET OF 4 JAM JAR MAGNETS
23240,SET OF 4 KNICK KNACK TINS  DOILEY 
23237,SET OF 4 KNICK KNACK TINS LEAF
23238,SET OF 4 KNICK KNACK TINS LONDON 
23239,SET OF 4 KNICK KNACK TINS POPPIES
22640,SET OF 4 NAPKIN CHARMS 3 KEYS 
22638,SET OF 4 NAPKIN CHARMS CROWNS 
22604,SET OF 4 NAPKIN CHARMS CUTLERY
22639,SET OF 4 NAPKIN CHARMS HEARTS
22641,SET OF 4 NAPKIN CHARMS INSTRUMENT
22643,SET OF 4 NAPKIN CHARMS LEAVES   
22642,SET OF 4 NAPKIN CHARMS STARS   
22993,SET OF 4 PANTRY JELLY MOULDS
23267,SET OF 4 SANTA PLACE SETTINGS
23158,SET OF 5 LUCKY CAT MAGNETS 
23156,SET OF 5 MINI GROCERY MAGNETS
23159,SET OF 5 PANCAKE DAY MAGNETS
85227,SET OF 6 3D KIT CARDS FOR KIDS
21948,SET OF 6 CAKE CHOPSTICKS
23449,SET OF 6 EASTER RAINBOW CHICKS
21557,SET OF 6 FUNKY BEAKERS
21126,SET OF 6 GIRLS CELEBRATION CANDLES
72586,SET OF 6 HALLOWEEN GHOST T-LIGHTS
21947,SET OF 6 HEART CHOPSTICKS
22723,SET OF 6 HERB TINS SKETCHBOOK
84715,SET OF 6 ICE CREAM SKITTLES
23560,SET OF 6 RIBBONS COUNTRY STYLE
23561,SET OF 6 RIBBONS PARTY
23562,SET OF 6 RIBBONS PERFECTLY PRETTY  
23294,SET OF 6 SNACK LOAF BAKING CASES
22619,SET OF 6 SOLDIER SKITTLES
22722,SET OF 6 SPICE TINS PANTRY DESIGN
21949,SET OF 6 STRAWBERRY CHOPSTICKS
23296,SET OF 6 TEA TIME BAKING CASES
22811,SET OF 6 T-LIGHTS CACTI 
22808,SET OF 6 T-LIGHTS EASTER CHICKS
22809,SET OF 6 T-LIGHTS SANTA
22807,SET OF 6 T-LIGHTS TOADSTOOLS
22806,SET OF 6 T-LIGHTS WEDDING CAKE 
85016,SET OF 6 VINTAGE NOTELETS KIT
23309,SET OF 60 I LOVE LONDON CAKE CASES 
23307,SET OF 60 PANTRY DESIGN CAKE CASES 
23308,SET OF 60 VINTAGE LEAF CAKE CASES 
21210,SET OF 72 RETROSPOT PAPER  DOILIES
21211,SET OF 72 SKULL PAPER  DOILIES
22437,SET OF 9 BLACK SKULL BALLOONS
21253,SET OF PICTURE FRAME  STICKERS
21250,SET OF SKULL WALL STICKERS
23243,SET OF TEA COFFEE SUGAR TINS PANTRY
21491,SET OF THREE VINTAGE GIFT WRAPS
21124,SET/10 BLUE POLKADOT PARTY CANDLES
21123,SET/10 IVORY POLKADOT PARTY CANDLES
21122,SET/10 PINK POLKADOT PARTY CANDLES
21121,SET/10 RED POLKADOT PARTY CANDLES
72598,SET/12 TAPER CANDLES
21035,SET/2 RED RETROSPOT TEA TOWELS 
21080,SET/20 RED RETROSPOT PAPER NAPKINS 
21078,SET/20 STRAWBERRY PAPER NAPKINS 
72816,SET/3 CHRISTMAS DECOUPAGE CANDLES
20934,SET/3 POT PLANT CANDLES
84457,SET/3 RABBITS FLOWER SKIPPPING ROPE
21430,SET/3 RED GINGHAM ROSE STORAGE BOX
20892,SET/3 TALL GLASS CANDLE HOLDER PINK
37474,SET/4 2 TONE EGG SHAPE MIXING BOWLS
21219,SET/4 BADGES BALLOON GIRL
21222,SET/4 BADGES BEETLES
21221,SET/4 BADGES CUTE CREATURES
21220,SET/4 BADGES DOGS
21311,SET/4 BIRD MIRROR MAGNETS 
21307,SET/4 BUTTERFLY MIRROR MAGNETS
37475,SET/4 COLOURFUL MIXING BOWLS
21306,SET/4 DAISY MIRROR MAGNETS
21038,SET/4 MODERN VINTAGE COTTON NAPKINS
21224,SET/4 SKULL BADGES
21382,SET/4 SPRING FLOWER DECORATION
20914,SET/5 RED RETROSPOT LID GLASS BOWLS
21084,SET/6 COLLAGE PAPER CUPS
21090,SET/6 COLLAGE PAPER PLATES
85173,SET/6 FROG PRINCE T-LIGHT CANDLES
21096,SET/6 FRUIT SALAD  PAPER PLATES
21088,SET/6 FRUIT SALAD PAPER CUPS
21087,SET/6 POSIES PAPER CUPS
21095,SET/6 POSIES PAPER PLATES
21086,SET/6 RED SPOTTY PAPER CUPS
21094,SET/6 RED SPOTTY PAPER PLATES
20878,SET/9 CHRISTMAS T-LIGHTS SCENTED 
21428,SET3 BOOK BOX GREEN GINGHAM FLOWER 
22509,SEWING BOX RETROSPOT DESIGN 
85176,SEWING SUSAN 21 NEEDLE SET
21784,SHOE SHINE BOX 
21769,showroom
22929,SCHOOL DESK AND CHAIR 
22450,SILK PURSE BABUSHKA BLUE
22451,SILK PURSE BABUSHKA RED
21690,SILVER  CANDLEPOT JARDIN 
20826,SILVER APERITIF GLASS
23100,SILVER BELLS TABLE DECORATION
90143,SILVER BRACELET W PASTEL FLOWER
21849,SILVER DIAMANTE PEN IN GIFT BOX
90144,SILVER DROP EARRINGS WITH FLOWER
20868,SILVER FABRIC MIRROR
21129,SILVER FISHING GNOME 
90149,SILVER FLOWR PINK SHELL NECKLACE
84949,SILVER HANGING T-LIGHT HOLDER
23102,SILVER HEARTS TABLE DECORATION
90145,SILVER HOOP EARRINGS WITH FLOWER
90194,SILVER LARIAT BLACK STONE EARRINGS
21692,SILVER LATTICE VANILLA CANDLE POT
20820,SILVER LOOKING MIRROR
20734,SILVER MINI TAPE MEASURE 
22306,SILVER MUG BONE CHINA TREE OF LIFE
20830,SILVER PHOTO FRAME
84616,SILVER ROCCOCO CHANDELIER
84766,SILVER ROCOCO CANDLE STICK
21132,SILVER STANDING GNOME   
23101,SILVER STARS TABLE DECORATION
20819,SILVER TEDDY BEAR
85103,SILVER T-LIGHT SETTING
21689,SILVER VANILLA  FLOWER CANDLE POT
90151,SILVER/NATURAL SHELL NECKLACE
23147,SINGLE ANTIQUE ROSE HOOK IVORY
23138,SINGLE WIRE HOOK IVORY HEART
23139,SINGLE WIRE HOOK PINK HEART
23471,SIX DRAWER OFFICE TIDY
23197,SKETCHBOOK MAGNETIC SHOPPING LIST
21207,SKULL AND CROSSBONES  GARLAND 
22475,SKULL DESIGN TV DINNER TRAY
21558,SKULL LUNCH BOX WITH CUTLERY 
21934,SKULL SHOULDER BAG
21581,SKULLS  DESIGN  COTTON TOTE BAG
21679,SKULLS  STICKERS
21544,SKULLS  WATER TRANSFER TATTOOS 
21495,SKULLS AND CROSSBONES WRAP
21942,SKULLS DESIGN FLANNEL
21504,SKULLS GREETING CARD
22332,SKULLS PARTY BAG + STICKER SET
22100,SKULLS SQUARE TISSUE BOX
21425,SKULLS STORAGE BOX LARGE
21427,SKULLS STORAGE BOX SMALL
21882,SKULLS TAPE
21327,SKULLS WRITING SET 
22185,SLATE TILE NATURAL HANGING
16237,SLEEPING CAT ERASERS
23019,SMALL APOTHECARY MEASURING JAR 
20796,SMALL BLUE PROVENCAL CERAMIC BALL
23022,SMALL BONNE JAM JAR  T-LIGHT HOLDER
21377,SMALL CAMPHOR WOOD FIELD  MUSHROOM
23167,SMALL CERAMIC TOP STORAGE JAR 
23066,SMALL DECO JEWELLERY STAND
21314,SMALL GLASS HEART TRINKET POT
20802,SMALL GLASS SUNDAE DISH CLEAR
22196,SMALL HEART MEASURING SPOONS
16014,SMALL CHINESE STYLE SCISSOR
21316,SMALL CHUNKY GLASS ROMAN  BOWL
23132,SMALL IVORY HEART WALL ORGANISER
84638,SMALL KITCHEN FLOWER POTS PLAQUE
21684,SMALL MEDINA STAMPED METAL BOWL 
23093,SMALL PARISIENNE HEART PHOTO FRAME 
23455,SMALL PARLOUR FRAME
21291,SMALL POLKADOT CHOCOLATE GIFT BAG 
22755,SMALL PURPLE BABUSHKA NOTEBOOK 
22754,SMALL RED BABUSHKA NOTEBOOK 
22070,SMALL RED RETROSPOT MUG IN BOX 
21746,SMALL RED RETROSPOT WINDMILL
21694,SMALL REGAL  SILVER CANDLEPOT 
21695,SMALL SILVER FLOWER CANDLE POT
21696,SMALL SILVER TRELLIS CANDLEPOT
71050,SMALL SINGLE FLAME CANDLE HOLDER
21747,SMALL SKULL WINDMILL
21292,SMALL STRIPES CHOCOLATE GIFT BAG 
21378,SMALL TALL CAMPHOR WOOD TOADSTOOL
23321,SMALL WHITE HEART OF WICKER
22071,SMALL WHITE RETROSPOT MUG IN BOX 
22753,SMALL YELLOW BABUSHKA NOTEBOOK 
72811,SMALL ZINC/GLASS CANDLEHOLDER
35957,SMALLFOLKART BAUBLE CHRISTMAS DEC
23580,SNACK TRAY HAPPY FOREST  
23575,SNACK TRAY PAISLEY PARK
23578,SNACK TRAY RED GINGHAM
23576,SNACK TRAY RED VINTAGE DOILY
22863,SOAP DISH BROCANTE
21135,sold as set on dotcom
22988,SOLDIERS EGG CUP 
62018,SOMBRERO 
23292,SPACE BOY CHILDRENS CUP
21031,SPACE CADET BLACK
21030,SPACE CADET RED
21032,SPACE CADET WHITE
21025,SPACE FROG
21026,SPACE OWL
23346,SPACEBOY BEAKER
22029,SPACEBOY BIRTHDAY CARD
22045,SPACEBOY GIFT WRAP
23290,SPACEBOY CHILDRENS BOWL
22975,SPACEBOY CHILDRENS EGG CUP
22629,SPACEBOY LUNCH BOX 
23389,SPACEBOY MINI BACKPACK
23392,SPACEBOY ROCKET LOLLY MAKERS
22474,SPACEBOY TV DINNER TRAY
23528,SPACEBOY WALL ART
21408,SPOTTY PINK DUCK DOORSTOP
84799,SPRIG LAVENDER ARTIFICIAL FLOWER
21629,SQUARE FLOOR CUSHION VINTAGE RED
84665,SQUARE CHERRY BLOSSOM CABINET
84666,SQUARE CHERRY BLOSSOM CABINET
71510,SQUARE METAL CANDLEHOLDER BASE
23451,SQUARE MINI PORTRAIT FRAME
22785,SQUARECUSHION COVER PINK UNION FLAG
90158,ST TROPEZ NECKLACE
22338,STAR DECORATION PAINTED ZINC 
22155,STAR DECORATION RUSTIC
21743,STAR PORTABLE TABLE LIGHT 
23274,STAR T-LIGHT HOLDER WILLIE WINKIE
22573,STAR WOODEN CHRISTMAS DECORATION
23213,STAR WREATH DECORATION WITH BELL
21418,STARFISH SOAP DISH
21883,STARS GIFT TAPE 
21476,STEEL SWEETHEART ROUND TABLE CREAM
23534,STOP FOR TEA WALL ART
23425,STORAGE TIN HOME SWEET HOME
21945,STRAWBERRIES  DESIGN FLANNEL 
20961,STRAWBERRY BATH SPONGE 
21232,STRAWBERRY CERAMIC TRINKET BOX
20684,STRAWBERRY DREAM CHILDS UMBRELLA
22649,STRAWBERRY FAIRY CAKE TEAPOT
21206,STRAWBERRY HONEYCOMB  GARLAND 
20723,STRAWBERRY CHARLOTTE BAG
21559,STRAWBERRY LUNCH BOX WITH CUTLERY
21471,STRAWBERRY RAFFIA FOOD COVER
20717,STRAWBERRY SHOPPER BAG
22164,STRING OF STARS CARD HOLDER
21288,STRIPEY CHOCOLATE NESTING BOXES
21935,SUKI  SHOULDER BAG
90115,SUMMER BUTTERFLIES BAG CHARM
90114,SUMMER DAISIES BAG CHARM
21633,SUNFLOWER DECORATIVE PARASOL
22097,SWALLOW SQUARE TISSUE BOX
23487,SWEET HEART CAKE CARRIER
21722,SWEET PUDDING STICKER SHEET
23461,SWEETHEART BIRD HOUSE
84840,SWEETHEART CARRY-ALL BASKET
21231,SWEETHEART CERAMIC TRINKET BOX
21473,SWEETHEART CREAM STEEL TABLE RECT
84839,SWEETHEART KEY CABINET
22795,SWEETHEART RECIPE BOOK STAND
23460,SWEETHEART WALL TIDY 
22799,SWEETHEART WIRE FRUIT BOWL
22794,SWEETHEART WIRE MAGAZINE RACK
22829,SWEETHEART WIRE WALL TIDY
21725,SWEETIES  STICKERS
21112,SWISS ROLL TOWEL PINK  SPOTS
21111,SWISS ROLL TOWEL CHOCOLATE  SPOTS
84360,TABLE LAMP WHITE SHADE WOOD BASE
22894,TABLECLOTH RED APPLES DESIGN 
22035,taig adjust
22348,TEA BAG PLATE RED RETROSPOT
22308,TEA COSY BLUE STRIPE
22309,TEA COSY RED  STRIPE
22891,TEA FOR ONE POLKADOT
22046,TEA PARTY  WRAPPING PAPER 
22027,TEA PARTY BIRTHDAY CARD
47579,TEA TIME BREAKFAST BASKET
37503,TEA TIME CAKE STAND IN GIFT BOX
47580,TEA TIME DES TEA COSY
37501,TEA TIME TEA SET IN GIFT BOX
37500,TEA TIME TEAPOT IN GIFT BOX
90133,TEAL/FUSCHIA COL BEAD NECKLACE
16049,TEATIME GEL PENS ASST
16046,TEATIME PEN CASE & PENS
16052,TEATIME PUSH DOWN RUBBER
16048,TEATIME ROUND PENCIL SHARPENER 
85095,THREE CANVAS LUGGAGE TAGS
72732,thrown away-can't sell
72759,thrown away-can't sell.
23059,Thrown away-rusty
22791,T-LIGHT GLASS FLUTED ANTIQUE
23490,T-LIGHT HOLDER HANGING LOVE BIRD
23039,T-LIGHT HOLDER SILVER HEART HANDLE
23036,T-LIGHT HOLDER SILVER PETIT FOUR 
23038,T-LIGHT HOLDER SILVER SAUCER
22789,T-LIGHT HOLDER SWEETHEART HANGING
22216,T-LIGHT HOLDER WHITE LACE
21452,TOADSTOOL MONEY BOX
21354,TOAST ITS - BEST MUM
21357,TOAST ITS - DINOSAUR
21356,TOAST ITS - FAIRY FLOWER
21358,TOAST ITS - HAPPY BIRTHDAY
21355,TOAST ITS - I LOVE YOU 
82581,TOILET METAL SIGN
23182,TOILET SIGN OCCUPIED OR VACANT
21055,TOOL BOX SOFT TOY 
22422,TOOTHPASTE TUBE PEN
84466,TOP SECRET PEN SET
22902,TOTE BAG I LOVE LONDON
21162,TOXIC AREA  DOOR HANGER 
22664,TOY TIDY DOLLY GIRL DESIGN
22381,TOY TIDY PINK POLKADOT
22380,TOY TIDY SPACEBOY  
21503,TOYBOX  WRAP 
22621,TRADITIONAL KNITTING NANCY
22560,TRADITIONAL MODELLING CLAY
23571,TRADITIONAL NAUGHTS & CROSSES
23570,TRADITIONAL PICK UP STICKS GAME 
21892,TRADITIONAL WOODEN CATCH CUP GAME 
21891,TRADITIONAL WOODEN SKIPPING ROPE
23569,TRADTIONAL ALPHABET STAMP SET
16254,TRANSPARENT ACRYLIC TAPE DISPENSER
23001,TRAVEL CARD WALLET DOTCOMGIFTSHOP
23006,TRAVEL CARD WALLET FLOWER MEADOW
22998,TRAVEL CARD WALLET KEEP CALM
23004,TRAVEL CARD WALLET PANTRY
22999,TRAVEL CARD WALLET RETRO PETALS
22994,TRAVEL CARD WALLET RETROSPOT
23002,TRAVEL CARD WALLET SKULLS
22995,TRAVEL CARD WALLET SUKI
23000,TRAVEL CARD WALLET TRANSPORT
22997,TRAVEL CARD WALLET UNION JACK
22996,TRAVEL CARD WALLET VINTAGE TICKET
22760,TRAY BREAKFAST IN BED
23523,TREASURE AHOY WALL ART
23177,TREASURE ISLAND BOOK BOX
23242,TREASURE TIN BUFFALO BILL 
23241,TREASURE TIN GYMKHANA DESIGN
23272,TREE T-LIGHT HOLDER WILLIE WINKIE
21628,TRIANGULAR POUFFE VINTAGE 
23146,TRIPLE HOOK ANTIQUE IVORY ROSE
22767,TRIPLE PHOTO FRAME CORNICE 
23140,TRIPLE WIRE HOOK IVORY HEART
23141,TRIPLE WIRE HOOK PINK HEART
20664,TROPICAL HOLIDAY PURSE 
20657,TROPICAL LUGGAGE TAG
20619,TROPICAL PASSPORT COVER 
85214,TUB 24 PINK FLOWER PEGS
23465,TUSCAN VILLA BIRD FEEDER
23468,TUSCAN VILLA BIRD TABLE 
23466,TUSCAN VILLA DOVECOTE
22471,TV DINNER TRAY AIR HOSTESS 
22472,TV DINNER TRAY DOLLY GIRL
22473,TV DINNER TRAY VINTAGE PAISLEY
21866,UNION JACK FLAG LUGGAGE TAG
21864,UNION JACK FLAG PASSPORT COVER 
22125,UNION JACK HOT WATER BOTTLE 
21925,UNION STRIPE CUSHION COVER 
21922,UNION STRIPE WITH FRINGE  HAMMOCK
79341,Unsaleable destroyed.
22830,UTILTY CABINET WITH HOOKS
22178,VICTORIAN GLASS HANGING T-LIGHT
21259,VICTORIAN SEWING BOX SMALL 
85178,VICTORIAN SEWING KIT
23536,VILLAGE SHOW WALL ART
23188,VINTAGE  2 METER FOLDING RULER
35649,VINTAGE BEAD COSMETIC BAG 
35653,VINTAGE BEAD NOTEBOOK
35646,VINTAGE BEAD PINK EVENING BAG
35645,VINTAGE BEAD PINK JEWEL BOX
35650,VINTAGE BEAD PINK JEWEL STAND
35651,VINTAGE BEAD PINK SCARF 
35647,VINTAGE BEAD PINK SHADE 
21068,VINTAGE BILLBOARD LOVE/HATE MUG
21070,VINTAGE BILLBOARD MUG 
21069,VINTAGE BILLBOARD TEA MUG
22656,VINTAGE BLUE KITCHEN CABINET
21268,VINTAGE BLUE TINSEL REEL
22052,VINTAGE CARAVAN GIFT WRAP
22845,VINTAGE CREAM CAT FOOD CONTAINER
22844,VINTAGE CREAM DOG FOOD CONTAINER
23494,VINTAGE DOILY DELUXE SEWING KIT 
23582,VINTAGE DOILY JUMBO BAG RED 
23493,VINTAGE DOILY TRAVEL SEWING KIT
23061,VINTAGE EMBOSSED HEART
90073,VINTAGE ENAMEL & CRYSTAL EARRINGS
90079,VINTAGE ENAMEL & CRYSTAL NECKLACE
21662,VINTAGE GLASS COFFEE CADDY
21661,VINTAGE GLASS TEA CADDY
21412,VINTAGE GOLD TINSEL REEL
21791,VINTAGE HEADS AND TAILS CARD GAME 
23313,VINTAGE CHRISTMAS BUNTING
23340,VINTAGE CHRISTMAS CAKE FRILL
23312,VINTAGE CHRISTMAS GIFT SACK
23373,VINTAGE CHRISTMAS PAPER GIFT BAG
23311,VINTAGE CHRISTMAS STOCKING 
23314,VINTAGE CHRISTMAS TABLECLOTH
23491,VINTAGE JINGLE BELLS HEART
23492,VINTAGE JINGLE BELLS WREATH
20901,VINTAGE KEEPSAKE BOX PINK FLOWER
20903,VINTAGE KEEPSAKE BOX TRAVELOGUE
21508,VINTAGE KID DOLLY CARD 
21279,VINTAGE KITCHEN PRINT FRUITS
21278,VINTAGE KITCHEN PRINT PUDDINGS
21281,VINTAGE KITCHEN PRINT SEAFOOD
21280,VINTAGE KITCHEN PRINT VEGETABLES
20906,VINTAGE NOTEBOOK BEAUTY GIRL
20897,VINTAGE NOTEBOOK PARIS DAYS
20910,VINTAGE PHOTO ALBUM PARIS DAYS
21632,VINTAGE PINK DECORATIVE PARASOL
21066,VINTAGE RED MUG
21067,VINTAGE RED TEATIME MUG
21913,VINTAGE SEASIDE JIGSAW PUZZLES
21758,VINTAGE SHELLS PRINT
21912,VINTAGE SNAKES & LADDERS
21790,VINTAGE SNAP CARDS
21625,VINTAGE UNION JACK APRON
21624,VINTAGE UNION JACK DOORSTOP
21623,VINTAGE UNION JACK MEMOBOARD
21626,VINTAGE UNION JACK PENNANT
22611,VINTAGE UNION JACK SHOPPING BAG
21763,VINTAGE WOODEN BAR STOOL
23467,VINTAGE ZINC PLANTER  
23463,VINTAGE ZINC WATERING CAN
23464,VINTAGE ZINC WATERING CAN SMALL
20670,VIP HOLIDAY PURSE
20622,VIP PASSPORT COVER 
23539,WALL ART  LOVES' SECRET 
23540,WALL ART  THE MAGIC FOREST 
23541,WALL ART PUDDINGS 
23531,WALL ART BIG LOVE 
23533,WALL ART GARDEN HAVEN 
23544,WALL ART MID CENTURY MODERN 
23530,WALL ART ONLY ONE PERSON 
23538,WALL ART VINTAGE HEART
23532,WALL ART WORK REST AND PLAY  
22166,WALL MIRROR RECTANGLE DIAMANTE PINK
22378,WALL TIDY RETROSPOT 
22276,WASH BAG VINTAGE ROSE PAISLEY
82552,WASHROOM METAL SIGN
22431,WATERING CAN BLUE ELEPHANT
22477,WATERING CAN GARDEN MARKER
22433,WATERING CAN GREEN DINOSAUR
22432,WATERING CAN PINK BUNNY
85119,WATERING CAN SINGLE HOOK PISTACHIO
20960,WATERMELON BATH SPONGE
21910,WAY OUT METAL SIGN 
22275,WEEKEND BAG VINTAGE ROSE PAISLEY
22120,WELCOME  WOODEN BLOCK LETTERS
22526,WHEELBARROW FOR CHILDREN 
84629,WHITE 3 FRAME BIRDS AND TREE 
40003,WHITE BAMBOO RIBS LAMPSHADE
85047,WHITE BEADED GARLAND STRING 20LIGHT
21187,WHITE BELL HONEYCOMB PAPER GARLAND 
22831,WHITE BROCANTE SOAP DISH
21186,WHITE DOVE HONEYCOMB PAPER GARLAND
90102,WHITE FRANGIPANI HAIR CLIP
90101,WHITE FRANGIPANI NECKLACE
21262,WHITE GOOSE FEATHER CHRISTMAS TREE 
21264,WHITE GOOSE FEATHER TREE 60CM 
84917,WHITE HAND TOWEL WITH BUTTERFLY
21198,WHITE HEART CONFETTI IN TUBE
23107,WHITE HEARTS WIRE PLANT POT HOLDER
21189,WHITE HONEYCOMB PAPER GARLAND 
21807,WHITE CHRISTMAS STAR DECORATION
22224,WHITE LOVEBIRD LANTERN
71053,WHITE METAL LANTERN
23210,WHITE ROCKING HORSE HAND PAINTED
21167,WHITE SAGE INCENSE
90034,WHITE SILVER NECKLACE SHELL GLASS
84843,WHITE SOAP RACK WITH 2 BOTTLES
21673,WHITE SPOT BLUE CERAMIC DRAWER KNOB
21672,WHITE SPOT RED CERAMIC DRAWER KNOB
84658,WHITE STITCHED CUSHION COVER
22415,WHITE TISSUE REAM
23323,WHITE WICKER STAR 
84880,WHITE WIRE EGG HOLDER
37423,WHITE WITH BLACK CATS PLATE
90046,WHITE WITH METAL BAG CHARM
22487,WHITE WOOD GARDEN PLANT LADDER
90138,WHITE/PINK MINI CRYSTALS NECKLACE
22694,WICKER STAR 
22696,WICKER WREATH LARGE
22695,WICKER WREATH SMALL
23479,WIRE EGG BASKET 
84977,WIRE FLOWER T-LIGHT HOLDER
84388,WISE MAN STAR SHAPE EGG PAN
82484,WOOD BLACK BOARD ANT WHITE FINISH
22210,WOOD STAMP SET BEST WISHES
22211,WOOD STAMP SET FLOWERS
22209,WOOD STAMP SET HAPPY BIRTHDAY
22208,WOOD STAMP SET THANK YOU
22581,WOOD STOCKING CHRISTMAS SCANDISPOT
22947,WOODEN ADVENT CALENDAR RED
35400,WOODEN BOX ADVENT CALENDAR 
21889,WOODEN BOX OF DOMINOES
22605,WOODEN CROQUET GARDEN SET
21380,WOODEN HAPPY BIRTHDAY GARLAND
22779,WOODEN OWLS LIGHT GARLAND 
82482,WOODEN PICTURE FRAME WHITE FINISH
22498,WOODEN REGATTA BUNTING
22607,WOODEN ROUNDERS GARDEN SET 
22561,WOODEN SCHOOL COLOURING SET
22499,WOODEN UNION JACK BUNTING
21249,WOODLAND  HEIGHT CHART STICKERS 
21680,WOODLAND  STICKERS
23559,WOODLAND BUNNIES LOLLY MAKERS
20719,WOODLAND CHARLOTTE BAG
23477,WOODLAND LARGE BLUE FELT HEART
23478,WOODLAND LARGE PINK FELT HEART
23476,WOODLAND LARGE RED FELT HEART
23388,WOODLAND MINI BACKPACK
22331,WOODLAND PARTY BAG + STICKER SET
23474,WOODLAND SMALL BLUE FELT HEART
23475,WOODLAND SMALL PINK FELT HEART
23473,WOODLAND SMALL RED FELT HEART
21426,WOODLAND STORAGE BOX SMALL
35832,WOOLLY HAT SOCK GLOVE ADVENT STRING
84077,WORLD WAR 2 GLIDERS ASSTD DESIGNS
23231,WRAP  VINTAGE DOILEY 
23692,WRAP A PRETTY THANK YOU
23230,WRAP ALPHABET DESIGN
23550,WRAP ALPHABET POSTER  
22985,WRAP BILLBOARD FONTS DESIGN
23549,WRAP BIRD GARDEN 
22711,WRAP CIRCUS PARADE
22706,WRAP COWBOYS  
22708,WRAP DOLLY GIRL
23547,WRAP FLOWER SHOP  
22705,WRAP GREEN PEARS 
22710,WRAP I LOVE LONDON 
23548,WRAP MAGIC FOREST 
22707,WRAP MONSTER FUN 
23546,WRAP PAISLEY PARK 
23233,WRAP POPPIES  DESIGN
22704,WRAP RED APPLES 
23545,WRAP RED DOILEY
22987,WRAP SUMMER ROSE DESIGN
23232,WRAP VINTAGE LEAF DESIGN
22709,WRAP WEDDING DAY
22912,YELLOW COAT RACK PARIS FASHION
21459,YELLOW EASTER EGG HUNT START POST
22928,YELLOW GIANT GARDEN THERMOMETER
20933,YELLOW POT PLANT CANDLE
21169,YOU'RE CONFUSING ME METAL SIGN 
23087,ZINC  HEART T-LIGHT HOLDER
23086,ZINC  STAR T-LIGHT HOLDER 
23414,ZINC BOX SIGN HOME
35970,ZINC FOLKART SLEIGH BELLS
23088,ZINC HEART FLOWER T-LIGHT HOLDER
20845,ZINC HEART LATTICE 2 WALL PLANTER
20847,ZINC HEART LATTICE CHARGER LARGE
20848,ZINC HEART LATTICE CHARGER SMALL
20846,ZINC HEART LATTICE T-LIGHT HOLDER
20851,ZINC HEART LATTICE TRAY OVAL 
23106,ZINC HEARTS PLANT POT HOLDER
84836,ZINC METAL HEART DECORATION
23151,ZINC SWEETHEART SOAP DISH
23153,ZINC SWEETHEART WIRE LETTER RACK
23145,ZINC T-LIGHT HOLDER STAR LARGE
23144,ZINC T-LIGHT HOLDER STARS SMALL
84832,ZINC WILLIE WINKIE  CANDLE STICK
23143,ZINC WIRE KITCHEN ORGANISER
23137,ZINC WIRE SWEETHEART LETTER TRAY
